# placeholder OBJ
o C1
v -0.3 0.7 0.0
v -0.3 0.7 0.0
v -0.3 0.7 0.0
v -0.3 0.7 0.0
v -0.3 0.7 0.0
v -0.3 0.7 0.0
v -0.3 0.7 0.0
v -0.3 0.7 0.0
v -0.3 0.7 0.0
v -0.3 0.7 0.0
v -0.3 0.7 0.0
v -0.3 0.7 0.0
v -0.3 0.7 0.0
v -0.3 0.7 0.0
v -0.3 0.7 0.0
v -0.3 0.7 0.0
v -0.3 0.7 0.0
v -0.3 0.7 0.0
v -0.3 0.7 0.0
v -0.3 0.7 0.0
v -0.3 0.7 0.0
v -0.3 0.7 0.0
v -0.3 0.7 0.0
v -0.3 0.7 0.0
v -0.3 0.7 0.0
v -0.0658916135806461 0.6865496962822613 0.0
v -0.0738686634066851 0.6865496962822613 0.04544378176766183
v -0.09725619012185563 0.6865496962822613 0.0877906449072577
v -0.1344603724302342 0.6865496962822613 0.12415472067732433
v -0.18294580679032302 0.6865496962822613 0.15205785740860828
v -0.2394082909764509 0.6865496962822613 0.16959850244498617
v -0.3 0.6865496962822613 0.17558128981451543
v -0.3605917090235491 0.6865496962822613 0.16959850244498617
v -0.41705419320967685 0.6865496962822613 0.15205785740860828
v -0.46553962756976575 0.6865496962822613 0.12415472067732436
v -0.5027438098781444 0.6865496962822613 0.0877906449072577
v -0.5261313365933149 0.6865496962822613 0.04544378176766188
v -0.5341083864193539 0.6865496962822613 2.1502506456151008e-17
v -0.5261313365933149 0.6865496962822613 -0.04544378176766176
v -0.5027438098781444 0.6865496962822613 -0.08779064490725774
v -0.46553962756976586 0.6865496962822613 -0.12415472067732433
v -0.417054193209677 0.6865496962822613 -0.15205785740860822
v -0.3605917090235491 0.6865496962822613 -0.16959850244498617
v -0.30000000000000004 0.6865496962822613 -0.17558128981451543
v -0.239408290976451 0.6865496962822613 -0.1695985024449862
v -0.18294580679032302 0.6865496962822613 -0.15205785740860828
v -0.13446037243023426 0.6865496962822613 -0.12415472067732437
v -0.09725619012185571 0.6865496962822613 -0.08779064490725778
v -0.0738686634066851 0.6865496962822613 -0.045443781767661826
v -0.0658916135806461 0.6865496962822613 -4.3005012912302016e-17
v 0.15922011883810772 0.6467156727579007 0.0
v 0.14357257273726332 0.6467156727579007 0.08914118448715887
v 0.09769628884271014 0.6467156727579007 0.17220754456429038
v 0.024717660087718196 0.6467156727579007 0.2435382450657886
v -0.07038994058094605 0.6467156727579007 0.2982722166320326
v -0.18114508735045484 0.6467156727579007 0.3326794295529475
v -0.29999999999999993 0.6467156727579007 0.3444150891285808
v -0.41885491264954516 0.6467156727579007 0.3326794295529475
v -0.5296100594190538 0.6467156727579007 0.2982722166320326
v -0.6247176600877181 0.6467156727579007 0.24353824506578867
v -0.6976962888427101 0.6467156727579007 0.17220754456429038
v -0.7435725727372633 0.6467156727579007 0.08914118448715895
v -0.7592201188381077 0.6467156727579007 4.217868364793669e-17
v -0.7435725727372634 0.6467156727579007 -0.08914118448715873
v -0.6976962888427101 0.6467156727579007 -0.17220754456429047
v -0.6247176600877182 0.6467156727579007 -0.2435382450657886
v -0.529610059419054 0.6467156727579007 -0.2982722166320325
v -0.4188549126495451 0.6467156727579007 -0.3326794295529475
v -0.3000000000000001 0.6467156727579007 -0.3444150891285808
v -0.18114508735045506 0.6467156727579007 -0.33267942955294755
v -0.07038994058094605 0.6467156727579007 -0.2982722166320326
v 0.02471766008771814 0.6467156727579007 -0.24353824506578872
v 0.09769628884271003 0.6467156727579007 -0.17220754456429055
v 0.14357257273726332 0.6467156727579007 -0.08914118448715884
v 0.15922011883810772 0.6467156727579007 -8.435736729587338e-17
v 0.3666842796235226 0.5820287286117817 0.0
v 0.3439675636692833 0.5820287286117817 0.12941294147776652
v 0.2773655224576988 0.5820287286117817 0.2500066048588209
v 0.17141697503226128 0.5820287286117817 0.3535627312741959
v 0.03334213981176137 0.5820287286117817 0.4330241418432741
v -0.12744941136297797 0.5820287286117817 0.48297567275196257
v -0.29999999999999993 0.5820287286117817 0.500013209717642
v -0.4725505886370221 0.5820287286117817 0.48297567275196257
v -0.6333421398117611 0.5820287286117817 0.43302414184327415
v -0.7714169750322613 0.5820287286117817 0.35356273127419596
v -0.8773655224576988 0.5820287286117817 0.2500066048588209
v -0.9439675636692832 0.5820287286117817 0.1294129414777667
v -0.9666842796235227 0.5820287286117817 6.123395768121045e-17
v -0.9439675636692832 0.5820287286117817 -0.12941294147776633
v -0.8773655224576988 0.5820287286117817 -0.25000660485882104
v -0.7714169750322613 0.5820287286117817 -0.3535627312741959
v -0.6333421398117616 0.5820287286117817 -0.4330241418432739
v -0.47255058863702193 0.5820287286117817 -0.48297567275196257
v -0.3000000000000001 0.5820287286117817 -0.500013209717642
v -0.12744941136297824 0.5820287286117817 -0.48297567275196257
v 0.03334213981176137 0.5820287286117817 -0.4330241418432741
v 0.1714169750322611 0.5820287286117817 -0.353562731274196
v 0.2773655224576986 0.5820287286117817 -0.2500066048588212
v 0.3439675636692833 0.5820287286117817 -0.1294129414777665
v 0.3666842796235226 0.5820287286117817 -1.224679153624209e-16
v 0.5485281374238569 0.4949747468305833 0.0
v 0.5196152422706632 0.4949747468305833 0.16471143170299737
v 0.43484692283495335 0.4949747468305833 0.3181980515339463
v 0.3 0.4949747468305833 0.4499999999999999
v 0.12426406871192852 0.4949747468305833 0.5511351921262151
v -0.08038475772933684 0.4949747468305833 0.6147114317029974
v -0.29999999999999993 0.4949747468305833 0.6363961030678927
v -0.5196152422706632 0.4949747468305833 0.6147114317029974
v -0.7242640687119283 0.4949747468305833 0.5511351921262151
v -0.8999999999999999 0.4949747468305833 0.45
v -1.0348469228349533 0.4949747468305833 0.3181980515339463
v -1.119615242270663 0.4949747468305833 0.16471143170299754
v -1.148528137423857 0.4949747468305833 7.793604506119438e-17
v -1.1196152422706633 0.4949747468305833 -0.16471143170299712
v -1.0348469228349533 0.4949747468305833 -0.3181980515339464
v -0.9000000000000001 0.4949747468305833 -0.4499999999999999
v -0.7242640687119288 0.4949747468305833 -0.5511351921262149
v -0.519615242270663 0.4949747468305833 -0.6147114317029974
v -0.30000000000000016 0.4949747468305833 -0.6363961030678927
v -0.08038475772933723 0.4949747468305833 -0.6147114317029975
v 0.12426406871192852 0.4949747468305833 -0.5511351921262151
v 0.29999999999999977 0.4949747468305833 -0.4500000000000001
v 0.43484692283495313 0.4949747468305833 -0.31819805153394665
v 0.5196152422706632 0.4949747468305833 -0.16471143170299732
v 0.5485281374238569 0.4949747468305833 -1.5587209012238876e-16
v 0.6977635347630542 0.3888991631137216 0.0
v 0.6637655667571047 0.3888991631137216 0.19368015397911711
v 0.5640885680745629 0.3888991631137216 0.37416132553614534
v 0.4055253614516153 0.3888991631137216 0.5291440210887114
v 0.19888176738152724 0.3888991631137216 0.6480664260559221
v -0.04175979469451052 0.3888991631137216 0.7228241750678286
v -0.29999999999999993 0.3888991631137216 0.7483226510722907
v -0.5582402053054896 0.3888991631137216 0.7228241750678286
v -0.7988817673815269 0.3888991631137216 0.6480664260559221
v -1.005525361451615 0.3888991631137216 0.5291440210887115
v -1.1640885680745627 0.3888991631137216 0.37416132553614534
v -1.2637655667571046 0.3888991631137216 0.1936801539791173
v -1.2977635347630543 0.3888991631137216 9.164309393651425e-17
v -1.2637655667571048 0.3888991631137216 -0.1936801539791168
v -1.1640885680745627 0.3888991631137216 -0.37416132553614545
v -1.0055253614516153 0.3888991631137216 -0.5291440210887114
v -0.7988817673815276 0.3888991631137216 -0.648066426055922
v -0.5582402053054893 0.3888991631137216 -0.7228241750678286
v -0.30000000000000016 0.3888991631137216 -0.7483226510722907
v -0.041759794694510965 0.3888991631137216 -0.7228241750678287
v 0.19888176738152724 0.3888991631137216 -0.6480664260559221
v 0.40552536145161505 0.3888991631137216 -0.5291440210887116
v 0.5640885680745626 0.3888991631137216 -0.37416132553614573
v 0.6637655667571047 0.3888991631137216 -0.19368015397911706
v 0.6977635347630542 0.3888991631137216 -1.832861878730285e-16
v 0.8086554390135441 0.26787840265556284 0.0
v 0.7708789209990272 0.26787840265556284 0.21520585655490104
v 0.6601237742295187 0.26787840265556284 0.41574578963007897
v 0.48393777892582596 0.26787840265556284 0.5879533341943693
v 0.2543277195067722 0.26787840265556284 0.7200928306721389
v -0.013058857926798617 0.26787840265556284 0.8031591907492706
v -0.29999999999999993 0.26787840265556284 0.831491579260158
v -0.5869411420732015 0.26787840265556284 0.8031591907492706
v -0.8543277195067718 0.26787840265556284 0.720092830672139
v -1.0839377789258258 0.26787840265556284 0.5879533341943695
v -1.2601237742295186 0.26787840265556284 0.41574578963007897
v -1.3708789209990273 0.26787840265556284 0.2152058565549013
v -1.4086554390135442 0.26787840265556284 1.0182835010589302e-16
v -1.3708789209990275 0.26787840265556284 -0.21520585655490074
v -1.2601237742295186 0.26787840265556284 -0.41574578963007913
v -1.083937778925826 0.26787840265556284 -0.5879533341943693
v -0.8543277195067724 0.26787840265556284 -0.7200928306721387
v -0.5869411420732012 0.26787840265556284 -0.8031591907492706
v -0.3000000000000002 0.26787840265556284 -0.831491579260158
v -0.013058857926799061 0.26787840265556284 -0.8031591907492707
v 0.2543277195067722 0.26787840265556284 -0.7200928306721389
v 0.4839377789258256 0.26787840265556284 -0.5879533341943696
v 0.6601237742295183 0.26787840265556284 -0.4157457896300794
v 0.7708789209990272 0.26787840265556284 -0.21520585655490101
v 0.8086554390135441 0.26787840265556284 -2.0365670021178605e-16
v 0.8769423364838764 0.13656322541128982 0.0
v 0.8368389988627749 0.13656322541128982 0.22846131875211495
v 0.7192619621844498 0.13656322541128982 0.44135337618145365
v 0.5322239071932886 0.13656322541128982 0.6241679303949663
v 0.28847116824193836 0.13656322541128982 0.7644464716383373
v 0.004615091669486593 0.13656322541128982 0.8526292491470813
v -0.29999999999999993 0.13656322541128982 0.8827067523629074
v -0.6046150916694867 0.13656322541128982 0.8526292491470813
v -0.888471168241938 0.13656322541128982 0.7644464716383375
v -1.1322239071932882 0.13656322541128982 0.6241679303949664
v -1.31926196218445 0.13656322541128982 0.44135337618145365
v -1.436838998862775 0.13656322541128982 0.2284613187521152
v -1.4769423364838765 0.13656322541128982 1.08100399886699e-16
v -1.4368389988627752 0.13656322541128982 -0.2284613187521146
v -1.3192619621844497 0.13656322541128982 -0.4413533761814538
v -1.1322239071932887 0.13656322541128982 -0.6241679303949663
v -0.8884711682419388 0.13656322541128982 -0.7644464716383371
v -0.6046150916694865 0.13656322541128982 -0.8526292491470813
v -0.3000000000000002 0.13656322541128982 -0.8827067523629074
v 0.004615091669486038 0.13656322541128982 -0.8526292491470814
v 0.28847116824193836 0.13656322541128982 -0.7644464716383373
v 0.5322239071932882 0.13656322541128982 -0.6241679303949665
v 0.7192619621844494 0.13656322541128982 -0.4413533761814541
v 0.8368389988627749 0.13656322541128982 -0.2284613187521149
v 0.8769423364838764 0.13656322541128982 -2.16200799773398e-16
v 0.8999999999999999 4.286263797015736e-17 0.0
v 0.859110991546882 4.286263797015736e-17 0.23293714059226867
v 0.7392304845413264 4.286263797015736e-17 0.44999999999999996
v 0.5485281374238571 4.286263797015736e-17 0.6363961030678927
v 0.3000000000000001 4.286263797015736e-17 0.7794228634059948
v 0.010582854123024898 4.286263797015736e-17 0.8693332436601615
v -0.29999999999999993 4.286263797015736e-17 0.9
v -0.6105828541230249 4.286263797015736e-17 0.8693332436601615
v -0.8999999999999997 4.286263797015736e-17 0.7794228634059949
v -1.148528137423857 4.286263797015736e-17 0.6363961030678928
v -1.3392304845413265 4.286263797015736e-17 0.44999999999999996
v -1.4591109915468818 4.286263797015736e-17 0.23293714059226892
v -1.5 4.286263797015736e-17 1.1021821192326179e-16
v -1.459110991546882 4.286263797015736e-17 -0.23293714059226833
v -1.3392304845413263 4.286263797015736e-17 -0.4500000000000001
v -1.1485281374238572 4.286263797015736e-17 -0.6363961030678927
v -0.9000000000000006 4.286263797015736e-17 -0.7794228634059945
v -0.6105828541230247 4.286263797015736e-17 -0.8693332436601615
v -0.3000000000000002 4.286263797015736e-17 -0.9
v 0.010582854123024343 4.286263797015736e-17 -0.8693332436601616
v 0.3000000000000001 4.286263797015736e-17 -0.7794228634059948
v 0.5485281374238569 4.286263797015736e-17 -0.636396103067893
v 0.739230484541326 4.286263797015736e-17 -0.4500000000000004
v 0.859110991546882 4.286263797015736e-17 -0.2329371405922686
v 0.8999999999999999 4.286263797015736e-17 -2.2043642384652358e-16
v 0.8769423364838764 -0.13656322541128973 0.0
v 0.8368389988627749 -0.13656322541128973 0.22846131875211495
v 0.7192619621844498 -0.13656322541128973 0.44135337618145365
v 0.5322239071932886 -0.13656322541128973 0.6241679303949663
v 0.28847116824193836 -0.13656322541128973 0.7644464716383373
v 0.004615091669486593 -0.13656322541128973 0.8526292491470813
v -0.29999999999999993 -0.13656322541128973 0.8827067523629074
v -0.6046150916694867 -0.13656322541128973 0.8526292491470813
v -0.888471168241938 -0.13656322541128973 0.7644464716383375
v -1.1322239071932882 -0.13656322541128973 0.6241679303949664
v -1.31926196218445 -0.13656322541128973 0.44135337618145365
v -1.436838998862775 -0.13656322541128973 0.2284613187521152
v -1.4769423364838765 -0.13656322541128973 1.08100399886699e-16
v -1.4368389988627752 -0.13656322541128973 -0.2284613187521146
v -1.3192619621844497 -0.13656322541128973 -0.4413533761814538
v -1.1322239071932887 -0.13656322541128973 -0.6241679303949663
v -0.8884711682419388 -0.13656322541128973 -0.7644464716383371
v -0.6046150916694865 -0.13656322541128973 -0.8526292491470813
v -0.3000000000000002 -0.13656322541128973 -0.8827067523629074
v 0.004615091669486038 -0.13656322541128973 -0.8526292491470814
v 0.28847116824193836 -0.13656322541128973 -0.7644464716383373
v 0.5322239071932882 -0.13656322541128973 -0.6241679303949665
v 0.7192619621844494 -0.13656322541128973 -0.4413533761814541
v 0.8368389988627749 -0.13656322541128973 -0.2284613187521149
v 0.8769423364838764 -0.13656322541128973 -2.16200799773398e-16
v 0.8086554390135441 -0.2678784026555628 0.0
v 0.7708789209990272 -0.2678784026555628 0.21520585655490104
v 0.6601237742295187 -0.2678784026555628 0.41574578963007897
v 0.48393777892582596 -0.2678784026555628 0.5879533341943693
v 0.2543277195067722 -0.2678784026555628 0.7200928306721389
v -0.013058857926798617 -0.2678784026555628 0.8031591907492706
v -0.29999999999999993 -0.2678784026555628 0.831491579260158
v -0.5869411420732015 -0.2678784026555628 0.8031591907492706
v -0.8543277195067718 -0.2678784026555628 0.720092830672139
v -1.0839377789258258 -0.2678784026555628 0.5879533341943695
v -1.2601237742295186 -0.2678784026555628 0.41574578963007897
v -1.3708789209990273 -0.2678784026555628 0.2152058565549013
v -1.4086554390135442 -0.2678784026555628 1.0182835010589302e-16
v -1.3708789209990275 -0.2678784026555628 -0.21520585655490074
v -1.2601237742295186 -0.2678784026555628 -0.41574578963007913
v -1.083937778925826 -0.2678784026555628 -0.5879533341943693
v -0.8543277195067724 -0.2678784026555628 -0.7200928306721387
v -0.5869411420732012 -0.2678784026555628 -0.8031591907492706
v -0.3000000000000002 -0.2678784026555628 -0.831491579260158
v -0.013058857926799061 -0.2678784026555628 -0.8031591907492707
v 0.2543277195067722 -0.2678784026555628 -0.7200928306721389
v 0.4839377789258256 -0.2678784026555628 -0.5879533341943696
v 0.6601237742295183 -0.2678784026555628 -0.4157457896300794
v 0.7708789209990272 -0.2678784026555628 -0.21520585655490101
v 0.8086554390135441 -0.2678784026555628 -2.0365670021178605e-16
v 0.6977635347630544 -0.38889916311372136 0.0
v 0.663765566757105 -0.38889916311372136 0.19368015397911717
v 0.5640885680745631 -0.38889916311372136 0.3741613255361454
v 0.4055253614516154 -0.38889916311372136 0.5291440210887115
v 0.1988817673815274 -0.38889916311372136 0.6480664260559222
v -0.041759794694510466 -0.38889916311372136 0.7228241750678288
v -0.29999999999999993 -0.38889916311372136 0.7483226510722909
v -0.5582402053054896 -0.38889916311372136 0.7228241750678288
v -0.798881767381527 -0.38889916311372136 0.6480664260559224
v -1.0055253614516153 -0.38889916311372136 0.5291440210887116
v -1.1640885680745632 -0.38889916311372136 0.3741613255361454
v -1.2637655667571048 -0.38889916311372136 0.19368015397911736
v -1.2977635347630545 -0.38889916311372136 9.164309393651427e-17
v -1.263765566757105 -0.38889916311372136 -0.19368015397911686
v -1.164088568074563 -0.38889916311372136 -0.37416132553614556
v -1.0055253614516155 -0.38889916311372136 -0.5291440210887115
v -0.7988817673815277 -0.38889916311372136 -0.6480664260559221
v -0.5582402053054893 -0.38889916311372136 -0.7228241750678288
v -0.30000000000000016 -0.38889916311372136 -0.7483226510722909
v -0.04175979469451091 -0.38889916311372136 -0.7228241750678288
v 0.1988817673815274 -0.38889916311372136 -0.6480664260559222
v 0.4055253614516153 -0.38889916311372136 -0.5291440210887117
v 0.5640885680745629 -0.38889916311372136 -0.37416132553614584
v 0.663765566757105 -0.38889916311372136 -0.19368015397911711
v 0.6977635347630544 -0.38889916311372136 -1.8328618787302855e-16
v 0.5485281374238571 -0.4949747468305832 0.0
v 0.5196152422706632 -0.4949747468305832 0.1647114317029974
v 0.43484692283495346 -0.4949747468305832 0.31819805153394637
v 0.3000000000000001 -0.4949747468305832 0.45
v 0.12426406871192863 -0.4949747468305832 0.5511351921262151
v -0.08038475772933681 -0.4949747468305832 0.6147114317029975
v -0.29999999999999993 -0.4949747468305832 0.6363961030678928
v -0.5196152422706632 -0.4949747468305832 0.6147114317029975
v -0.7242640687119284 -0.4949747468305832 0.5511351921262151
v -0.8999999999999999 -0.4949747468305832 0.4500000000000001
v -1.0348469228349535 -0.4949747468305832 0.31819805153394637
v -1.1196152422706631 -0.4949747468305832 0.16471143170299757
v -1.148528137423857 -0.4949747468305832 7.79360450611944e-17
v -1.1196152422706633 -0.4949747468305832 -0.16471143170299715
v -1.0348469228349535 -0.4949747468305832 -0.3181980515339465
v -0.9000000000000001 -0.4949747468305832 -0.45
v -0.7242640687119289 -0.4949747468305832 -0.551135192126215
v -0.519615242270663 -0.4949747468305832 -0.6147114317029975
v -0.30000000000000016 -0.4949747468305832 -0.6363961030678928
v -0.0803847577293372 -0.4949747468305832 -0.6147114317029976
v 0.12426406871192863 -0.4949747468305832 -0.5511351921262151
v 0.2999999999999999 -0.4949747468305832 -0.4500000000000001
v 0.43484692283495324 -0.4949747468305832 -0.3181980515339467
v 0.5196152422706632 -0.4949747468305832 -0.16471143170299735
v 0.5485281374238571 -0.4949747468305832 -1.558720901223888e-16
v 0.3666842796235226 -0.5820287286117817 0.0
v 0.3439675636692833 -0.5820287286117817 0.12941294147776652
v 0.2773655224576988 -0.5820287286117817 0.2500066048588209
v 0.17141697503226128 -0.5820287286117817 0.3535627312741959
v 0.03334213981176137 -0.5820287286117817 0.4330241418432741
v -0.12744941136297797 -0.5820287286117817 0.48297567275196257
v -0.29999999999999993 -0.5820287286117817 0.500013209717642
v -0.4725505886370221 -0.5820287286117817 0.48297567275196257
v -0.6333421398117611 -0.5820287286117817 0.43302414184327415
v -0.7714169750322613 -0.5820287286117817 0.35356273127419596
v -0.8773655224576988 -0.5820287286117817 0.2500066048588209
v -0.9439675636692832 -0.5820287286117817 0.1294129414777667
v -0.9666842796235227 -0.5820287286117817 6.123395768121045e-17
v -0.9439675636692832 -0.5820287286117817 -0.12941294147776633
v -0.8773655224576988 -0.5820287286117817 -0.25000660485882104
v -0.7714169750322613 -0.5820287286117817 -0.3535627312741959
v -0.6333421398117616 -0.5820287286117817 -0.4330241418432739
v -0.47255058863702193 -0.5820287286117817 -0.48297567275196257
v -0.3000000000000001 -0.5820287286117817 -0.500013209717642
v -0.12744941136297824 -0.5820287286117817 -0.48297567275196257
v 0.03334213981176137 -0.5820287286117817 -0.4330241418432741
v 0.1714169750322611 -0.5820287286117817 -0.353562731274196
v 0.2773655224576986 -0.5820287286117817 -0.2500066048588212
v 0.3439675636692833 -0.5820287286117817 -0.1294129414777665
v 0.3666842796235226 -0.5820287286117817 -1.224679153624209e-16
v 0.15922011883810788 -0.6467156727579007 0.0
v 0.14357257273726348 -0.6467156727579007 0.08914118448715888
v 0.09769628884271031 -0.6467156727579007 0.17220754456429044
v 0.024717660087718363 -0.6467156727579007 0.24353824506578872
v -0.070389940580946 -0.6467156727579007 0.2982722166320327
v -0.18114508735045481 -0.6467156727579007 0.3326794295529476
v -0.29999999999999993 -0.6467156727579007 0.34441508912858093
v -0.4188549126495452 -0.6467156727579007 0.3326794295529476
v -0.5296100594190538 -0.6467156727579007 0.29827221663203274
v -0.6247176600877182 -0.6467156727579007 0.24353824506578875
v -0.6976962888427103 -0.6467156727579007 0.17220754456429044
v -0.7435725727372635 -0.6467156727579007 0.08914118448715898
v -0.7592201188381078 -0.6467156727579007 4.21786836479367e-17
v -0.7435725727372635 -0.6467156727579007 -0.08914118448715876
v -0.6976962888427102 -0.6467156727579007 -0.1722075445642905
v -0.6247176600877183 -0.6467156727579007 -0.24353824506578872
v -0.5296100594190541 -0.6467156727579007 -0.2982722166320326
v -0.4188549126495451 -0.6467156727579007 -0.3326794295529476
v -0.3000000000000001 -0.6467156727579007 -0.34441508912858093
v -0.18114508735045504 -0.6467156727579007 -0.33267942955294766
v -0.070389940580946 -0.6467156727579007 -0.2982722166320327
v 0.024717660087718196 -0.6467156727579007 -0.24353824506578875
v 0.09769628884271014 -0.6467156727579007 -0.1722075445642906
v 0.14357257273726348 -0.6467156727579007 -0.08914118448715887
v 0.15922011883810788 -0.6467156727579007 -8.43573672958734e-17
v -0.06589161358064566 -0.6865496962822613 0.0
v -0.07386866340668466 -0.6865496962822613 0.04544378176766192
v -0.09725619012185524 -0.6865496962822613 0.08779064490725787
v -0.1344603724302339 -0.6865496962822613 0.12415472067732455
v -0.1829458067903228 -0.6865496962822613 0.15205785740860855
v -0.23940829097645078 -0.6865496962822613 0.1695985024449865
v -0.3 -0.6865496962822613 0.17558128981451576
v -0.36059170902354926 -0.6865496962822613 0.1695985024449865
v -0.41705419320967707 -0.6865496962822613 0.15205785740860858
v -0.4655396275697661 -0.6865496962822613 0.12415472067732458
v -0.5027438098781447 -0.6865496962822613 0.08779064490725787
v -0.5261313365933153 -0.6865496962822613 0.045443781767661964
v -0.5341083864193543 -0.6865496962822613 2.1502506456151048e-17
v -0.5261313365933153 -0.6865496962822613 -0.04544378176766185
v -0.5027438098781447 -0.6865496962822613 -0.0877906449072579
v -0.4655396275697661 -0.6865496962822613 -0.12415472067732455
v -0.41705419320967724 -0.6865496962822613 -0.1520578574086085
v -0.3605917090235492 -0.6865496962822613 -0.1695985024449865
v -0.30000000000000004 -0.6865496962822613 -0.17558128981451576
v -0.2394082909764509 -0.6865496962822613 -0.16959850244498653
v -0.1829458067903228 -0.6865496962822613 -0.15205785740860855
v -0.13446037243023393 -0.6865496962822613 -0.12415472067732461
v -0.09725619012185535 -0.6865496962822613 -0.08779064490725795
v -0.07386866340668466 -0.6865496962822613 -0.04544378176766191
v -0.06589161358064566 -0.6865496962822613 -4.3005012912302096e-17
v -0.2999999999999998 -0.7 0.0
v -0.2999999999999998 -0.7 2.8526572362885885e-17
v -0.2999999999999999 -0.7 5.5109105961630883e-17
v -0.2999999999999999 -0.7 7.793604506119438e-17
v -0.29999999999999993 -0.7 9.545177148524162e-17
v -0.29999999999999993 -0.7 1.0646261742408029e-16
v -0.3 -0.7 1.1021821192326179e-16
v -0.30000000000000004 -0.7 1.0646261742408029e-16
v -0.30000000000000004 -0.7 9.545177148524163e-17
v -0.3000000000000001 -0.7 7.79360450611944e-17
v -0.3000000000000001 -0.7 5.5109105961630883e-17
v -0.30000000000000016 -0.7 2.8526572362885916e-17
v -0.30000000000000016 -0.7 1.3497838043956718e-32
v -0.30000000000000016 -0.7 -2.852657236288584e-17
v -0.3000000000000001 -0.7 -5.510910596163091e-17
v -0.3000000000000001 -0.7 -7.793604506119438e-17
v -0.30000000000000004 -0.7 -9.545177148524159e-17
v -0.30000000000000004 -0.7 -1.0646261742408029e-16
v -0.3 -0.7 -1.1021821192326179e-16
v -0.29999999999999993 -0.7 -1.0646261742408029e-16
v -0.29999999999999993 -0.7 -9.545177148524162e-17
v -0.2999999999999999 -0.7 -7.793604506119442e-17
v -0.2999999999999999 -0.7 -5.510910596163094e-17
v -0.2999999999999998 -0.7 -2.852657236288587e-17
v -0.2999999999999998 -0.7 -2.6995676087913437e-32
f 1 26 2
f 2 26 27
f 2 27 3
f 3 27 28
f 3 28 4
f 4 28 29
f 4 29 5
f 5 29 30
f 5 30 6
f 6 30 31
f 6 31 7
f 7 31 32
f 7 32 8
f 8 32 33
f 8 33 9
f 9 33 34
f 9 34 10
f 10 34 35
f 10 35 11
f 11 35 36
f 11 36 12
f 12 36 37
f 12 37 13
f 13 37 38
f 13 38 14
f 14 38 39
f 14 39 15
f 15 39 40
f 15 40 16
f 16 40 41
f 16 41 17
f 17 41 42
f 17 42 18
f 18 42 43
f 18 43 19
f 19 43 44
f 19 44 20
f 20 44 45
f 20 45 21
f 21 45 46
f 21 46 22
f 22 46 47
f 22 47 23
f 23 47 48
f 23 48 24
f 24 48 49
f 24 49 25
f 25 49 50
f 26 51 27
f 27 51 52
f 27 52 28
f 28 52 53
f 28 53 29
f 29 53 54
f 29 54 30
f 30 54 55
f 30 55 31
f 31 55 56
f 31 56 32
f 32 56 57
f 32 57 33
f 33 57 58
f 33 58 34
f 34 58 59
f 34 59 35
f 35 59 60
f 35 60 36
f 36 60 61
f 36 61 37
f 37 61 62
f 37 62 38
f 38 62 63
f 38 63 39
f 39 63 64
f 39 64 40
f 40 64 65
f 40 65 41
f 41 65 66
f 41 66 42
f 42 66 67
f 42 67 43
f 43 67 68
f 43 68 44
f 44 68 69
f 44 69 45
f 45 69 70
f 45 70 46
f 46 70 71
f 46 71 47
f 47 71 72
f 47 72 48
f 48 72 73
f 48 73 49
f 49 73 74
f 49 74 50
f 50 74 75
f 51 76 52
f 52 76 77
f 52 77 53
f 53 77 78
f 53 78 54
f 54 78 79
f 54 79 55
f 55 79 80
f 55 80 56
f 56 80 81
f 56 81 57
f 57 81 82
f 57 82 58
f 58 82 83
f 58 83 59
f 59 83 84
f 59 84 60
f 60 84 85
f 60 85 61
f 61 85 86
f 61 86 62
f 62 86 87
f 62 87 63
f 63 87 88
f 63 88 64
f 64 88 89
f 64 89 65
f 65 89 90
f 65 90 66
f 66 90 91
f 66 91 67
f 67 91 92
f 67 92 68
f 68 92 93
f 68 93 69
f 69 93 94
f 69 94 70
f 70 94 95
f 70 95 71
f 71 95 96
f 71 96 72
f 72 96 97
f 72 97 73
f 73 97 98
f 73 98 74
f 74 98 99
f 74 99 75
f 75 99 100
f 76 101 77
f 77 101 102
f 77 102 78
f 78 102 103
f 78 103 79
f 79 103 104
f 79 104 80
f 80 104 105
f 80 105 81
f 81 105 106
f 81 106 82
f 82 106 107
f 82 107 83
f 83 107 108
f 83 108 84
f 84 108 109
f 84 109 85
f 85 109 110
f 85 110 86
f 86 110 111
f 86 111 87
f 87 111 112
f 87 112 88
f 88 112 113
f 88 113 89
f 89 113 114
f 89 114 90
f 90 114 115
f 90 115 91
f 91 115 116
f 91 116 92
f 92 116 117
f 92 117 93
f 93 117 118
f 93 118 94
f 94 118 119
f 94 119 95
f 95 119 120
f 95 120 96
f 96 120 121
f 96 121 97
f 97 121 122
f 97 122 98
f 98 122 123
f 98 123 99
f 99 123 124
f 99 124 100
f 100 124 125
f 101 126 102
f 102 126 127
f 102 127 103
f 103 127 128
f 103 128 104
f 104 128 129
f 104 129 105
f 105 129 130
f 105 130 106
f 106 130 131
f 106 131 107
f 107 131 132
f 107 132 108
f 108 132 133
f 108 133 109
f 109 133 134
f 109 134 110
f 110 134 135
f 110 135 111
f 111 135 136
f 111 136 112
f 112 136 137
f 112 137 113
f 113 137 138
f 113 138 114
f 114 138 139
f 114 139 115
f 115 139 140
f 115 140 116
f 116 140 141
f 116 141 117
f 117 141 142
f 117 142 118
f 118 142 143
f 118 143 119
f 119 143 144
f 119 144 120
f 120 144 145
f 120 145 121
f 121 145 146
f 121 146 122
f 122 146 147
f 122 147 123
f 123 147 148
f 123 148 124
f 124 148 149
f 124 149 125
f 125 149 150
f 126 151 127
f 127 151 152
f 127 152 128
f 128 152 153
f 128 153 129
f 129 153 154
f 129 154 130
f 130 154 155
f 130 155 131
f 131 155 156
f 131 156 132
f 132 156 157
f 132 157 133
f 133 157 158
f 133 158 134
f 134 158 159
f 134 159 135
f 135 159 160
f 135 160 136
f 136 160 161
f 136 161 137
f 137 161 162
f 137 162 138
f 138 162 163
f 138 163 139
f 139 163 164
f 139 164 140
f 140 164 165
f 140 165 141
f 141 165 166
f 141 166 142
f 142 166 167
f 142 167 143
f 143 167 168
f 143 168 144
f 144 168 169
f 144 169 145
f 145 169 170
f 145 170 146
f 146 170 171
f 146 171 147
f 147 171 172
f 147 172 148
f 148 172 173
f 148 173 149
f 149 173 174
f 149 174 150
f 150 174 175
f 151 176 152
f 152 176 177
f 152 177 153
f 153 177 178
f 153 178 154
f 154 178 179
f 154 179 155
f 155 179 180
f 155 180 156
f 156 180 181
f 156 181 157
f 157 181 182
f 157 182 158
f 158 182 183
f 158 183 159
f 159 183 184
f 159 184 160
f 160 184 185
f 160 185 161
f 161 185 186
f 161 186 162
f 162 186 187
f 162 187 163
f 163 187 188
f 163 188 164
f 164 188 189
f 164 189 165
f 165 189 190
f 165 190 166
f 166 190 191
f 166 191 167
f 167 191 192
f 167 192 168
f 168 192 193
f 168 193 169
f 169 193 194
f 169 194 170
f 170 194 195
f 170 195 171
f 171 195 196
f 171 196 172
f 172 196 197
f 172 197 173
f 173 197 198
f 173 198 174
f 174 198 199
f 174 199 175
f 175 199 200
f 176 201 177
f 177 201 202
f 177 202 178
f 178 202 203
f 178 203 179
f 179 203 204
f 179 204 180
f 180 204 205
f 180 205 181
f 181 205 206
f 181 206 182
f 182 206 207
f 182 207 183
f 183 207 208
f 183 208 184
f 184 208 209
f 184 209 185
f 185 209 210
f 185 210 186
f 186 210 211
f 186 211 187
f 187 211 212
f 187 212 188
f 188 212 213
f 188 213 189
f 189 213 214
f 189 214 190
f 190 214 215
f 190 215 191
f 191 215 216
f 191 216 192
f 192 216 217
f 192 217 193
f 193 217 218
f 193 218 194
f 194 218 219
f 194 219 195
f 195 219 220
f 195 220 196
f 196 220 221
f 196 221 197
f 197 221 222
f 197 222 198
f 198 222 223
f 198 223 199
f 199 223 224
f 199 224 200
f 200 224 225
f 201 226 202
f 202 226 227
f 202 227 203
f 203 227 228
f 203 228 204
f 204 228 229
f 204 229 205
f 205 229 230
f 205 230 206
f 206 230 231
f 206 231 207
f 207 231 232
f 207 232 208
f 208 232 233
f 208 233 209
f 209 233 234
f 209 234 210
f 210 234 235
f 210 235 211
f 211 235 236
f 211 236 212
f 212 236 237
f 212 237 213
f 213 237 238
f 213 238 214
f 214 238 239
f 214 239 215
f 215 239 240
f 215 240 216
f 216 240 241
f 216 241 217
f 217 241 242
f 217 242 218
f 218 242 243
f 218 243 219
f 219 243 244
f 219 244 220
f 220 244 245
f 220 245 221
f 221 245 246
f 221 246 222
f 222 246 247
f 222 247 223
f 223 247 248
f 223 248 224
f 224 248 249
f 224 249 225
f 225 249 250
f 226 251 227
f 227 251 252
f 227 252 228
f 228 252 253
f 228 253 229
f 229 253 254
f 229 254 230
f 230 254 255
f 230 255 231
f 231 255 256
f 231 256 232
f 232 256 257
f 232 257 233
f 233 257 258
f 233 258 234
f 234 258 259
f 234 259 235
f 235 259 260
f 235 260 236
f 236 260 261
f 236 261 237
f 237 261 262
f 237 262 238
f 238 262 263
f 238 263 239
f 239 263 264
f 239 264 240
f 240 264 265
f 240 265 241
f 241 265 266
f 241 266 242
f 242 266 267
f 242 267 243
f 243 267 268
f 243 268 244
f 244 268 269
f 244 269 245
f 245 269 270
f 245 270 246
f 246 270 271
f 246 271 247
f 247 271 272
f 247 272 248
f 248 272 273
f 248 273 249
f 249 273 274
f 249 274 250
f 250 274 275
f 251 276 252
f 252 276 277
f 252 277 253
f 253 277 278
f 253 278 254
f 254 278 279
f 254 279 255
f 255 279 280
f 255 280 256
f 256 280 281
f 256 281 257
f 257 281 282
f 257 282 258
f 258 282 283
f 258 283 259
f 259 283 284
f 259 284 260
f 260 284 285
f 260 285 261
f 261 285 286
f 261 286 262
f 262 286 287
f 262 287 263
f 263 287 288
f 263 288 264
f 264 288 289
f 264 289 265
f 265 289 290
f 265 290 266
f 266 290 291
f 266 291 267
f 267 291 292
f 267 292 268
f 268 292 293
f 268 293 269
f 269 293 294
f 269 294 270
f 270 294 295
f 270 295 271
f 271 295 296
f 271 296 272
f 272 296 297
f 272 297 273
f 273 297 298
f 273 298 274
f 274 298 299
f 274 299 275
f 275 299 300
f 276 301 277
f 277 301 302
f 277 302 278
f 278 302 303
f 278 303 279
f 279 303 304
f 279 304 280
f 280 304 305
f 280 305 281
f 281 305 306
f 281 306 282
f 282 306 307
f 282 307 283
f 283 307 308
f 283 308 284
f 284 308 309
f 284 309 285
f 285 309 310
f 285 310 286
f 286 310 311
f 286 311 287
f 287 311 312
f 287 312 288
f 288 312 313
f 288 313 289
f 289 313 314
f 289 314 290
f 290 314 315
f 290 315 291
f 291 315 316
f 291 316 292
f 292 316 317
f 292 317 293
f 293 317 318
f 293 318 294
f 294 318 319
f 294 319 295
f 295 319 320
f 295 320 296
f 296 320 321
f 296 321 297
f 297 321 322
f 297 322 298
f 298 322 323
f 298 323 299
f 299 323 324
f 299 324 300
f 300 324 325
f 301 326 302
f 302 326 327
f 302 327 303
f 303 327 328
f 303 328 304
f 304 328 329
f 304 329 305
f 305 329 330
f 305 330 306
f 306 330 331
f 306 331 307
f 307 331 332
f 307 332 308
f 308 332 333
f 308 333 309
f 309 333 334
f 309 334 310
f 310 334 335
f 310 335 311
f 311 335 336
f 311 336 312
f 312 336 337
f 312 337 313
f 313 337 338
f 313 338 314
f 314 338 339
f 314 339 315
f 315 339 340
f 315 340 316
f 316 340 341
f 316 341 317
f 317 341 342
f 317 342 318
f 318 342 343
f 318 343 319
f 319 343 344
f 319 344 320
f 320 344 345
f 320 345 321
f 321 345 346
f 321 346 322
f 322 346 347
f 322 347 323
f 323 347 348
f 323 348 324
f 324 348 349
f 324 349 325
f 325 349 350
f 326 351 327
f 327 351 352
f 327 352 328
f 328 352 353
f 328 353 329
f 329 353 354
f 329 354 330
f 330 354 355
f 330 355 331
f 331 355 356
f 331 356 332
f 332 356 357
f 332 357 333
f 333 357 358
f 333 358 334
f 334 358 359
f 334 359 335
f 335 359 360
f 335 360 336
f 336 360 361
f 336 361 337
f 337 361 362
f 337 362 338
f 338 362 363
f 338 363 339
f 339 363 364
f 339 364 340
f 340 364 365
f 340 365 341
f 341 365 366
f 341 366 342
f 342 366 367
f 342 367 343
f 343 367 368
f 343 368 344
f 344 368 369
f 344 369 345
f 345 369 370
f 345 370 346
f 346 370 371
f 346 371 347
f 347 371 372
f 347 372 348
f 348 372 373
f 348 373 349
f 349 373 374
f 349 374 350
f 350 374 375
f 351 376 352
f 352 376 377
f 352 377 353
f 353 377 378
f 353 378 354
f 354 378 379
f 354 379 355
f 355 379 380
f 355 380 356
f 356 380 381
f 356 381 357
f 357 381 382
f 357 382 358
f 358 382 383
f 358 383 359
f 359 383 384
f 359 384 360
f 360 384 385
f 360 385 361
f 361 385 386
f 361 386 362
f 362 386 387
f 362 387 363
f 363 387 388
f 363 388 364
f 364 388 389
f 364 389 365
f 365 389 390
f 365 390 366
f 366 390 391
f 366 391 367
f 367 391 392
f 367 392 368
f 368 392 393
f 368 393 369
f 369 393 394
f 369 394 370
f 370 394 395
f 370 395 371
f 371 395 396
f 371 396 372
f 372 396 397
f 372 397 373
f 373 397 398
f 373 398 374
f 374 398 399
f 374 399 375
f 375 399 400
f 376 401 377
f 377 401 402
f 377 402 378
f 378 402 403
f 378 403 379
f 379 403 404
f 379 404 380
f 380 404 405
f 380 405 381
f 381 405 406
f 381 406 382
f 382 406 407
f 382 407 383
f 383 407 408
f 383 408 384
f 384 408 409
f 384 409 385
f 385 409 410
f 385 410 386
f 386 410 411
f 386 411 387
f 387 411 412
f 387 412 388
f 388 412 413
f 388 413 389
f 389 413 414
f 389 414 390
f 390 414 415
f 390 415 391
f 391 415 416
f 391 416 392
f 392 416 417
f 392 417 393
f 393 417 418
f 393 418 394
f 394 418 419
f 394 419 395
f 395 419 420
f 395 420 396
f 396 420 421
f 396 421 397
f 397 421 422
f 397 422 398
f 398 422 423
f 398 423 399
f 399 423 424
f 399 424 400
f 400 424 425
o C2
v 0.7 0.6 0.1
v 0.7 0.6 0.1
v 0.7 0.6 0.1
v 0.7 0.6 0.1
v 0.7 0.6 0.1
v 0.7 0.6 0.1
v 0.7 0.6 0.1
v 0.7 0.6 0.1
v 0.7 0.6 0.1
v 0.7 0.6 0.1
v 0.7 0.6 0.1
v 0.7 0.6 0.1
v 0.7 0.6 0.1
v 0.7 0.6 0.1
v 0.7 0.6 0.1
v 0.7 0.6 0.1
v 0.7 0.6 0.1
v 0.7 0.6 0.1
v 0.7 0.6 0.1
v 0.7 0.6 0.1
v 0.7 0.6 0.1
v 0.7 0.6 0.1
v 0.7 0.6 0.1
v 0.7 0.6 0.1
v 0.7 0.6 0.1
v 0.8365632254112897 0.5903926402016152 0.1
v 0.8319099463461003 0.5903926402016152 0.1252465454264788
v 0.8182672224289175 0.5903926402016152 0.14877258050403205
v 0.79656478274903 0.5903926402016152 0.16897484482073574
v 0.7682816127056449 0.5903926402016152 0.18447658744922682
v 0.7353451635970703 0.5903926402016152 0.19422139024721455
v 0.7 0.5903926402016152 0.19754516100806413
v 0.6646548364029297 0.5903926402016152 0.19422139024721455
v 0.6317183872943551 0.5903926402016152 0.18447658744922682
v 0.6034352172509699 0.5903926402016152 0.16897484482073577
v 0.5817327775710824 0.5903926402016152 0.14877258050403205
v 0.5680900536538996 0.5903926402016152 0.12524654542647884
v 0.5634367745887102 0.5903926402016152 0.10000000000000002
v 0.5680900536538995 0.5903926402016152 0.07475345457352126
v 0.5817327775710824 0.5903926402016152 0.05122741949596793
v 0.6034352172509699 0.5903926402016152 0.03102515517926427
v 0.631718387294355 0.5903926402016152 0.015523412550773219
v 0.6646548364029297 0.5903926402016152 0.005778609752785463
v 0.7 0.5903926402016152 0.0024548389919358815
v 0.7353451635970703 0.5903926402016152 0.005778609752785449
v 0.7682816127056449 0.5903926402016152 0.015523412550773191
v 0.79656478274903 0.5903926402016152 0.03102515517926424
v 0.8182672224289175 0.5903926402016152 0.0512274194959679
v 0.8319099463461003 0.5903926402016152 0.07475345457352121
v 0.8365632254112897 0.5903926402016152 0.09999999999999998
v 0.9678784026555628 0.5619397662556433 0.1
v 0.9587506674300702 0.5619397662556433 0.1495228802706438
v 0.9319895018249142 0.5619397662556433 0.19567085809127244
v 0.8894186350511689 0.5619397662556433 0.23529902503654923
v 0.8339392013277814 0.5619397662556433 0.26570678701779593
v 0.7693320323789012 0.5619397662556433 0.2848219053071931
v 0.7 0.5619397662556433 0.2913417161825449
v 0.6306679676210986 0.5619397662556433 0.2848219053071931
v 0.5660607986722186 0.5619397662556433 0.26570678701779593
v 0.5105813649488311 0.5619397662556433 0.23529902503654926
v 0.4680104981750857 0.5619397662556433 0.19567085809127244
v 0.4412493325699297 0.5619397662556433 0.14952288027064387
v 0.4321215973444371 0.5619397662556433 0.10000000000000003
v 0.44124933256992965 0.5619397662556433 0.05047711972935627
v 0.4680104981750857 0.5619397662556433 0.004329141908727532
v 0.510581364948831 0.5619397662556433 -0.03529902503654922
v 0.5660607986722184 0.5619397662556433 -0.06570678701779584
v 0.6306679676210987 0.5619397662556433 -0.08482190530719305
v 0.7 0.5619397662556433 -0.09134171618254489
v 0.7693320323789011 0.5619397662556433 -0.08482190530719308
v 0.8339392013277814 0.5619397662556433 -0.06570678701779589
v 0.8894186350511688 0.5619397662556433 -0.035299025036549275
v 0.9319895018249141 0.5619397662556433 0.004329141908727477
v 0.9587506674300702 0.5619397662556433 0.05047711972935621
v 0.9678784026555628 0.5619397662556433 0.09999999999999996
v 1.0888991631137215 0.5157348061512727 0.1
v 1.0756477454737485 0.5157348061512727 0.1718960785987592
v 1.0367965547669908 0.5157348061512727 0.23889255825490052
v 0.9749932354354857 0.5157348061512727 0.2964237395967755
v 0.8944495815568607 0.5157348061512727 0.3405689676907078
v 0.8006545100382628 0.5157348061512727 0.3683198181955347
v 0.7 0.5157348061512727 0.37778511650980107
v 0.5993454899617371 0.5157348061512727 0.3683198181955347
v 0.5055504184431393 0.5157348061512727 0.3405689676907079
v 0.42500676456451425 0.5157348061512727 0.29642373959677554
v 0.363203445233009 0.5157348061512727 0.23889255825490052
v 0.32435225452625144 0.5157348061512727 0.17189607859875927
v 0.31110083688627843 0.5157348061512727 0.10000000000000003
v 0.3243522545262513 0.5157348061512727 0.028103921401240933
v 0.363203445233009 0.5157348061512727 -0.03889255825490057
v 0.4250067645645142 0.5157348061512727 -0.0964237395967755
v 0.5055504184431391 0.5157348061512727 -0.14056896769070773
v 0.5993454899617372 0.5157348061512727 -0.16831981819553474
v 0.6999999999999998 0.5157348061512727 -0.17778511650980108
v 0.8006545100382626 0.5157348061512727 -0.16831981819553474
v 0.8944495815568607 0.5157348061512727 -0.1405689676907078
v 0.9749932354354856 0.5157348061512727 -0.09642373959677555
v 1.0367965547669908 0.5157348061512727 -0.03889255825490065
v 1.0756477454737485 0.5157348061512727 0.028103921401240836
v 1.0888991631137215 0.5157348061512727 0.09999999999999994
v 1.1949747468305831 0.4535533905932738 0.1
v 1.1781088913245534 0.4535533905932738 0.19150635094610965
v 1.128660704987056 0.4535533905932738 0.27677669529663684
v 1.0499999999999998 0.4535533905932738 0.35
v 0.9474873734152915 0.4535533905932738 0.4061862178478972
v 0.8281088913245535 0.4535533905932738 0.4415063509461097
v 0.7 0.4535533905932738 0.4535533905932737
v 0.5718911086754463 0.4535533905932738 0.4415063509461097
v 0.4525126265847085 0.4535533905932738 0.4061862178478972
v 0.35000000000000003 0.4535533905932738 0.35
v 0.27133929501294385 0.4535533905932738 0.27677669529663684
v 0.22189110867544654 0.4535533905932738 0.19150635094610974
v 0.20502525316941678 0.4535533905932738 0.10000000000000005
v 0.22189110867544642 0.4535533905932738 0.008493649053890495
v 0.27133929501294385 0.4535533905932738 -0.07677669529663689
v 0.3499999999999999 0.4535533905932738 -0.14999999999999994
v 0.45251262658470814 0.4535533905932738 -0.20618621784789712
v 0.5718911086754466 0.4535533905932738 -0.24150635094610964
v 0.6999999999999998 0.4535533905932738 -0.25355339059327375
v 0.8281088913245532 0.4535533905932738 -0.2415063509461097
v 0.9474873734152915 0.4535533905932738 -0.20618621784789723
v 1.0499999999999998 0.4535533905932738 -0.15000000000000005
v 1.1286607049870558 0.4535533905932738 -0.07677669529663703
v 1.1781088913245534 0.4535533905932738 0.008493649053890384
v 1.1949747468305831 0.4535533905932738 0.09999999999999992
v 1.2820287286117815 0.3777851165098012 0.1
v 1.262196580608311 0.3777851165098012 0.20760008554395395
v 1.2040516647101616 0.3777851165098012 0.3078674030756363
v 1.1115564608467756 0.3777851165098012 0.3939689006048397
v 0.9910143643058908 0.3777851165098012 0.4600369033644012
v 0.8506401197615354 0.3777851165098012 0.5015689861487936
v 0.7 0.3777851165098012 0.5157348061512727
v 0.5493598802384644 0.3777851165098012 0.5015689861487936
v 0.4089856356941093 0.3777851165098012 0.4600369033644012
v 0.28844353915322446 0.3777851165098012 0.3939689006048397
v 0.19594833528983835 0.3777851165098012 0.3078674030756363
v 0.13780341939168894 0.3777851165098012 0.20760008554395407
v 0.11797127138821828 0.3777851165098012 0.10000000000000006
v 0.13780341939168883 0.3777851165098012 -0.007600085543953777
v 0.19594833528983835 0.3777851165098012 -0.10786740307563636
v 0.2884435391532243 0.3777851165098012 -0.19396890060483965
v 0.4089856356941089 0.3777851165098012 -0.2600369033644011
v 0.5493598802384645 0.3777851165098012 -0.3015689861487937
v 0.6999999999999998 0.3777851165098012 -0.3157348061512726
v 0.8506401197615352 0.3777851165098012 -0.3015689861487937
v 0.9910143643058908 0.3777851165098012 -0.2600369033644012
v 1.1115564608467754 0.3777851165098012 -0.19396890060483976
v 1.2040516647101613 0.3777851165098012 -0.1078674030756365
v 1.262196580608311 0.3777851165098012 -0.007600085543953916
v 1.2820287286117815 0.3777851165098012 0.09999999999999991
v 1.3467156727579006 0.2913417161825449 0.1
v 1.324679370582766 0.2913417161825449 0.21955880919716725
v 1.2600722016338857 0.2913417161825449 0.33096988312782166
v 1.1572970377067318 0.2913417161825449 0.4266407412190941
v 1.0233578363789504 0.2913417161825449 0.5000515725956327
v 0.8673823328760341 0.2913417161825449 0.5461995504162614
v 0.7 0.2913417161825449 0.5619397662556433
v 0.5326176671239657 0.2913417161825449 0.5461995504162614
v 0.3766421636210498 0.2913417161825449 0.5000515725956328
v 0.24270296229326827 0.2913417161825449 0.4266407412190941
v 0.13992779836611413 0.2913417161825449 0.33096988312782166
v 0.07532062941723405 0.2913417161825449 0.2195588091971674
v 0.053284327242099305 0.2913417161825449 0.10000000000000006
v 0.07532062941723394 0.2913417161825449 -0.01955880919716707
v 0.13992779836611413 0.2913417161825449 -0.13096988312782173
v 0.2427029622932681 0.2913417161825449 -0.22664074121909408
v 0.37664216362104935 0.2913417161825449 -0.30005157259563264
v 0.5326176671239659 0.2913417161825449 -0.3461995504162614
v 0.6999999999999998 0.2913417161825449 -0.3619397662556434
v 0.8673823328760338 0.2913417161825449 -0.3461995504162615
v 1.0233578363789504 0.2913417161825449 -0.30005157259563275
v 1.1572970377067315 0.2913417161825449 -0.2266407412190942
v 1.2600722016338857 0.2913417161825449 -0.13096988312782187
v 1.324679370582766 0.2913417161825449 -0.019558809197167223
v 1.3467156727579006 0.2913417161825449 0.0999999999999999
v 1.3865496962822612 0.19754516100806419 0.1
v 1.363156082669952 0.19754516100806419 0.22692295486228609
v 1.2945694779409291 0.19754516100806419 0.3451963201008076
v 1.1854639458627516 0.19754516100806419 0.44675996133053686
v 1.0432748481411307 0.19754516100806419 0.5246924842435208
v 0.8776921368072005 0.19754516100806419 0.573682916192823
v 0.7 0.19754516100806419 0.5903926402016152
v 0.5223078631927993 0.19754516100806419 0.573682916192823
v 0.3567251518588695 0.19754516100806419 0.5246924842435208
v 0.2145360541372484 0.19754516100806419 0.44675996133053686
v 0.10543052205907089 0.19754516100806419 0.3451963201008076
v 0.03684391733004799 0.19754516100806419 0.22692295486228622
v 0.013450303717738699 0.19754516100806419 0.10000000000000006
v 0.03684391733004777 0.19754516100806419 -0.02692295486228588
v 0.105430522059071 0.19754516100806419 -0.14519632010080766
v 0.2145360541372483 0.19754516100806419 -0.24675996133053682
v 0.356725151858869 0.19754516100806419 -0.3246924842435206
v 0.5223078631927995 0.19754516100806419 -0.3736829161928229
v 0.6999999999999998 0.19754516100806419 -0.39039264020161524
v 0.8776921368072002 0.19754516100806419 -0.373682916192823
v 1.0432748481411307 0.19754516100806419 -0.3246924842435207
v 1.1854639458627514 0.19754516100806419 -0.24675996133053693
v 1.2945694779409287 0.19754516100806419 -0.14519632010080782
v 1.363156082669952 0.19754516100806419 -0.026922954862286047
v 1.3865496962822612 0.19754516100806419 0.09999999999999988
v 1.4 0.10000000000000003 0.1
v 1.3761480784023479 0.10000000000000003 0.22940952255126038
v 1.306217782649107 0.10000000000000003 0.35
v 1.1949747468305834 0.10000000000000003 0.4535533905932737
v 1.05 0.10000000000000003 0.5330127018922193
v 0.8811733315717645 0.10000000000000003 0.5829629131445342
v 0.7 0.10000000000000003 0.6
v 0.5188266684282354 0.10000000000000003 0.5829629131445342
v 0.35000000000000014 0.10000000000000003 0.5330127018922194
v 0.20502525316941678 0.10000000000000003 0.4535533905932738
v 0.09378221735089287 0.10000000000000003 0.35
v 0.02385192159765226 0.10000000000000003 0.22940952255126051
v 0.0 0.10000000000000003 0.10000000000000006
v 0.023851921597652148 0.10000000000000003 -0.02940952255126017
v 0.09378221735089298 0.10000000000000003 -0.15000000000000005
v 0.2050252531694166 0.10000000000000003 -0.25355339059327375
v 0.34999999999999964 0.10000000000000003 -0.3330127018922192
v 0.5188266684282355 0.10000000000000003 -0.3829629131445341
v 0.6999999999999998 0.10000000000000003 -0.4
v 0.8811733315717641 0.10000000000000003 -0.38296291314453423
v 1.05 0.10000000000000003 -0.3330127018922193
v 1.1949747468305831 0.10000000000000003 -0.25355339059327386
v 1.3062177826491068 0.10000000000000003 -0.15000000000000022
v 1.3761480784023479 0.10000000000000003 -0.029409522551260336
v 1.4 0.10000000000000003 0.09999999999999988
v 1.3865496962822612 0.0024548389919359093 0.1
v 1.363156082669952 0.0024548389919359093 0.22692295486228609
v 1.2945694779409291 0.0024548389919359093 0.3451963201008076
v 1.1854639458627516 0.0024548389919359093 0.44675996133053686
v 1.0432748481411307 0.0024548389919359093 0.5246924842435208
v 0.8776921368072005 0.0024548389919359093 0.573682916192823
v 0.7 0.0024548389919359093 0.5903926402016152
v 0.5223078631927993 0.0024548389919359093 0.573682916192823
v 0.3567251518588695 0.0024548389919359093 0.5246924842435208
v 0.2145360541372484 0.0024548389919359093 0.44675996133053686
v 0.10543052205907089 0.0024548389919359093 0.3451963201008076
v 0.03684391733004799 0.0024548389919359093 0.22692295486228622
v 0.013450303717738699 0.0024548389919359093 0.10000000000000006
v 0.03684391733004777 0.0024548389919359093 -0.02692295486228588
v 0.105430522059071 0.0024548389919359093 -0.14519632010080766
v 0.2145360541372483 0.0024548389919359093 -0.24675996133053682
v 0.356725151858869 0.0024548389919359093 -0.3246924842435206
v 0.5223078631927995 0.0024548389919359093 -0.3736829161928229
v 0.6999999999999998 0.0024548389919359093 -0.39039264020161524
v 0.8776921368072002 0.0024548389919359093 -0.373682916192823
v 1.0432748481411307 0.0024548389919359093 -0.3246924842435207
v 1.1854639458627514 0.0024548389919359093 -0.24675996133053693
v 1.2945694779409287 0.0024548389919359093 -0.14519632010080782
v 1.363156082669952 0.0024548389919359093 -0.026922954862286047
v 1.3865496962822612 0.0024548389919359093 0.09999999999999988
v 1.3467156727579006 -0.09134171618254486 0.1
v 1.324679370582766 -0.09134171618254486 0.21955880919716725
v 1.2600722016338857 -0.09134171618254486 0.33096988312782166
v 1.1572970377067318 -0.09134171618254486 0.4266407412190941
v 1.0233578363789504 -0.09134171618254486 0.5000515725956327
v 0.8673823328760341 -0.09134171618254486 0.5461995504162614
v 0.7 -0.09134171618254486 0.5619397662556433
v 0.5326176671239657 -0.09134171618254486 0.5461995504162614
v 0.3766421636210498 -0.09134171618254486 0.5000515725956328
v 0.24270296229326827 -0.09134171618254486 0.4266407412190941
v 0.13992779836611413 -0.09134171618254486 0.33096988312782166
v 0.07532062941723405 -0.09134171618254486 0.2195588091971674
v 0.053284327242099305 -0.09134171618254486 0.10000000000000006
v 0.07532062941723394 -0.09134171618254486 -0.01955880919716707
v 0.13992779836611413 -0.09134171618254486 -0.13096988312782173
v 0.2427029622932681 -0.09134171618254486 -0.22664074121909408
v 0.37664216362104935 -0.09134171618254486 -0.30005157259563264
v 0.5326176671239659 -0.09134171618254486 -0.3461995504162614
v 0.6999999999999998 -0.09134171618254486 -0.3619397662556434
v 0.8673823328760338 -0.09134171618254486 -0.3461995504162615
v 1.0233578363789504 -0.09134171618254486 -0.30005157259563275
v 1.1572970377067315 -0.09134171618254486 -0.2266407412190942
v 1.2600722016338857 -0.09134171618254486 -0.13096988312782187
v 1.324679370582766 -0.09134171618254486 -0.019558809197167223
v 1.3467156727579006 -0.09134171618254486 0.0999999999999999
v 1.2820287286117817 -0.17778511650980097 0.1
v 1.262196580608311 -0.17778511650980097 0.20760008554395398
v 1.2040516647101618 -0.17778511650980097 0.3078674030756363
v 1.1115564608467756 -0.17778511650980097 0.3939689006048397
v 0.9910143643058908 -0.17778511650980097 0.4600369033644013
v 0.8506401197615355 -0.17778511650980097 0.5015689861487937
v 0.7 -0.17778511650980097 0.5157348061512728
v 0.5493598802384643 -0.17778511650980097 0.5015689861487937
v 0.4089856356941092 -0.17778511650980097 0.4600369033644013
v 0.2884435391532244 -0.17778511650980097 0.3939689006048398
v 0.19594833528983813 -0.17778511650980097 0.3078674030756363
v 0.13780341939168883 -0.17778511650980097 0.2076000855439541
v 0.11797127138821817 -0.17778511650980097 0.10000000000000006
v 0.13780341939168872 -0.17778511650980097 -0.007600085543953805
v 0.19594833528983824 -0.17778511650980097 -0.10786740307563641
v 0.28844353915322424 -0.17778511650980097 -0.1939689006048397
v 0.4089856356941088 -0.17778511650980097 -0.2600369033644012
v 0.5493598802384645 -0.17778511650980097 -0.3015689861487938
v 0.6999999999999998 -0.17778511650980097 -0.3157348061512727
v 0.8506401197615352 -0.17778511650980097 -0.3015689861487938
v 0.9910143643058908 -0.17778511650980097 -0.2600369033644012
v 1.1115564608467756 -0.17778511650980097 -0.19396890060483982
v 1.2040516647101616 -0.17778511650980097 -0.10786740307563655
v 1.262196580608311 -0.17778511650980097 -0.007600085543953944
v 1.2820287286117817 -0.17778511650980097 0.09999999999999991
v 1.1949747468305834 -0.25355339059327375 0.1
v 1.1781088913245534 -0.25355339059327375 0.19150635094610968
v 1.128660704987056 -0.25355339059327375 0.27677669529663684
v 1.05 -0.25355339059327375 0.35
v 0.9474873734152917 -0.25355339059327375 0.4061862178478973
v 0.8281088913245535 -0.25355339059327375 0.4415063509461097
v 0.7 -0.25355339059327375 0.4535533905932738
v 0.5718911086754463 -0.25355339059327375 0.4415063509461097
v 0.4525126265847085 -0.25355339059327375 0.4061862178478973
v 0.35 -0.25355339059327375 0.3500000000000001
v 0.2713392950129438 -0.25355339059327375 0.27677669529663684
v 0.22189110867544648 -0.25355339059327375 0.19150635094610977
v 0.20502525316941667 -0.25355339059327375 0.10000000000000005
v 0.2218911086754463 -0.25355339059327375 0.008493649053890481
v 0.2713392950129438 -0.25355339059327375 -0.07677669529663692
v 0.3499999999999999 -0.25355339059327375 -0.15
v 0.4525126265847081 -0.25355339059327375 -0.20618621784789717
v 0.5718911086754465 -0.25355339059327375 -0.2415063509461097
v 0.6999999999999998 -0.25355339059327375 -0.25355339059327375
v 0.8281088913245532 -0.25355339059327375 -0.24150635094610975
v 0.9474873734152917 -0.25355339059327375 -0.20618621784789729
v 1.0499999999999998 -0.25355339059327375 -0.15000000000000005
v 1.128660704987056 -0.25355339059327375 -0.07677669529663705
v 1.1781088913245534 -0.25355339059327375 0.00849364905389037
v 1.1949747468305834 -0.25355339059327375 0.09999999999999992
v 1.0888991631137215 -0.3157348061512727 0.1
v 1.0756477454737485 -0.3157348061512727 0.1718960785987592
v 1.0367965547669908 -0.3157348061512727 0.23889255825490052
v 0.9749932354354857 -0.3157348061512727 0.2964237395967755
v 0.8944495815568607 -0.3157348061512727 0.3405689676907078
v 0.8006545100382628 -0.3157348061512727 0.3683198181955347
v 0.7 -0.3157348061512727 0.37778511650980107
v 0.5993454899617371 -0.3157348061512727 0.3683198181955347
v 0.5055504184431393 -0.3157348061512727 0.3405689676907079
v 0.42500676456451425 -0.3157348061512727 0.29642373959677554
v 0.363203445233009 -0.3157348061512727 0.23889255825490052
v 0.32435225452625144 -0.3157348061512727 0.17189607859875927
v 0.31110083688627843 -0.3157348061512727 0.10000000000000003
v 0.3243522545262513 -0.3157348061512727 0.028103921401240933
v 0.363203445233009 -0.3157348061512727 -0.03889255825490057
v 0.4250067645645142 -0.3157348061512727 -0.0964237395967755
v 0.5055504184431391 -0.3157348061512727 -0.14056896769070773
v 0.5993454899617372 -0.3157348061512727 -0.16831981819553474
v 0.6999999999999998 -0.3157348061512727 -0.17778511650980108
v 0.8006545100382626 -0.3157348061512727 -0.16831981819553474
v 0.8944495815568607 -0.3157348061512727 -0.1405689676907078
v 0.9749932354354856 -0.3157348061512727 -0.09642373959677555
v 1.0367965547669908 -0.3157348061512727 -0.03889255825490065
v 1.0756477454737485 -0.3157348061512727 0.028103921401240836
v 1.0888991631137215 -0.3157348061512727 0.09999999999999994
v 0.9678784026555629 -0.3619397662556434 0.1
v 0.9587506674300703 -0.3619397662556434 0.14952288027064384
v 0.9319895018249142 -0.3619397662556434 0.19567085809127246
v 0.889418635051169 -0.3619397662556434 0.2352990250365493
v 0.8339392013277814 -0.3619397662556434 0.26570678701779593
v 0.7693320323789014 -0.3619397662556434 0.2848219053071931
v 0.7 -0.3619397662556434 0.29134171618254495
v 0.6306679676210986 -0.3619397662556434 0.2848219053071931
v 0.5660607986722186 -0.3619397662556434 0.26570678701779593
v 0.510581364948831 -0.3619397662556434 0.23529902503654931
v 0.46801049817508567 -0.3619397662556434 0.19567085809127246
v 0.4412493325699296 -0.3619397662556434 0.14952288027064387
v 0.43212159734443706 -0.3619397662556434 0.10000000000000003
v 0.4412493325699296 -0.3619397662556434 0.05047711972935626
v 0.46801049817508567 -0.3619397662556434 0.004329141908727505
v 0.5105813649488309 -0.3619397662556434 -0.035299025036549275
v 0.5660607986722184 -0.3619397662556434 -0.06570678701779589
v 0.6306679676210987 -0.3619397662556434 -0.08482190530719311
v 0.7 -0.3619397662556434 -0.09134171618254494
v 0.7693320323789011 -0.3619397662556434 -0.08482190530719314
v 0.8339392013277814 -0.3619397662556434 -0.06570678701779592
v 0.8894186350511689 -0.3619397662556434 -0.0352990250365493
v 0.9319895018249142 -0.3619397662556434 0.004329141908727449
v 0.9587506674300703 -0.3619397662556434 0.050477119729356194
v 0.9678784026555629 -0.3619397662556434 0.09999999999999996
v 0.83656322541129 -0.39039264020161524 0.1
v 0.8319099463461006 -0.39039264020161524 0.12524654542647884
v 0.8182672224289177 -0.39039264020161524 0.14877258050403214
v 0.7965647827490302 -0.39039264020161524 0.16897484482073588
v 0.768281612705645 -0.39039264020161524 0.18447658744922696
v 0.7353451635970704 -0.39039264020161524 0.19422139024721474
v 0.7 -0.39039264020161524 0.1975451610080643
v 0.6646548364029295 -0.39039264020161524 0.19422139024721474
v 0.631718387294355 -0.39039264020161524 0.184476587449227
v 0.6034352172509697 -0.39039264020161524 0.16897484482073588
v 0.5817327775710822 -0.39039264020161524 0.14877258050403214
v 0.5680900536538993 -0.39039264020161524 0.12524654542647887
v 0.5634367745887099 -0.39039264020161524 0.10000000000000002
v 0.5680900536538993 -0.39039264020161524 0.0747534545735212
v 0.5817327775710822 -0.39039264020161524 0.05122741949596784
v 0.6034352172509697 -0.39039264020161524 0.031025155179264144
v 0.6317183872943549 -0.39039264020161524 0.015523412550773066
v 0.6646548364029295 -0.39039264020161524 0.0057786097527852825
v 0.7 -0.39039264020161524 0.002454838991935701
v 0.7353451635970703 -0.39039264020161524 0.005778609752785269
v 0.768281612705645 -0.39039264020161524 0.015523412550773039
v 0.7965647827490302 -0.39039264020161524 0.031025155179264116
v 0.8182672224289177 -0.39039264020161524 0.05122741949596781
v 0.8319099463461006 -0.39039264020161524 0.07475345457352117
v 0.83656322541129 -0.39039264020161524 0.09999999999999998
v 0.7000000000000001 -0.4 0.1
v 0.7000000000000001 -0.4 0.10000000000000002
v 0.7000000000000001 -0.4 0.10000000000000003
v 0.7000000000000001 -0.4 0.10000000000000005
v 0.7 -0.4 0.10000000000000006
v 0.7 -0.4 0.10000000000000006
v 0.7 -0.4 0.10000000000000006
v 0.7 -0.4 0.10000000000000006
v 0.7 -0.4 0.10000000000000006
v 0.6999999999999998 -0.4 0.10000000000000005
v 0.6999999999999998 -0.4 0.10000000000000003
v 0.6999999999999998 -0.4 0.10000000000000002
v 0.6999999999999998 -0.4 0.1
v 0.6999999999999998 -0.4 0.09999999999999999
v 0.6999999999999998 -0.4 0.09999999999999998
v 0.6999999999999998 -0.4 0.09999999999999996
v 0.7 -0.4 0.09999999999999995
v 0.7 -0.4 0.09999999999999995
v 0.7 -0.4 0.09999999999999995
v 0.7 -0.4 0.09999999999999995
v 0.7 -0.4 0.09999999999999995
v 0.7000000000000001 -0.4 0.09999999999999996
v 0.7000000000000001 -0.4 0.09999999999999998
v 0.7000000000000001 -0.4 0.09999999999999999
v 0.7000000000000001 -0.4 0.1
f 426 451 427
f 427 451 452
f 427 452 428
f 428 452 453
f 428 453 429
f 429 453 454
f 429 454 430
f 430 454 455
f 430 455 431
f 431 455 456
f 431 456 432
f 432 456 457
f 432 457 433
f 433 457 458
f 433 458 434
f 434 458 459
f 434 459 435
f 435 459 460
f 435 460 436
f 436 460 461
f 436 461 437
f 437 461 462
f 437 462 438
f 438 462 463
f 438 463 439
f 439 463 464
f 439 464 440
f 440 464 465
f 440 465 441
f 441 465 466
f 441 466 442
f 442 466 467
f 442 467 443
f 443 467 468
f 443 468 444
f 444 468 469
f 444 469 445
f 445 469 470
f 445 470 446
f 446 470 471
f 446 471 447
f 447 471 472
f 447 472 448
f 448 472 473
f 448 473 449
f 449 473 474
f 449 474 450
f 450 474 475
f 451 476 452
f 452 476 477
f 452 477 453
f 453 477 478
f 453 478 454
f 454 478 479
f 454 479 455
f 455 479 480
f 455 480 456
f 456 480 481
f 456 481 457
f 457 481 482
f 457 482 458
f 458 482 483
f 458 483 459
f 459 483 484
f 459 484 460
f 460 484 485
f 460 485 461
f 461 485 486
f 461 486 462
f 462 486 487
f 462 487 463
f 463 487 488
f 463 488 464
f 464 488 489
f 464 489 465
f 465 489 490
f 465 490 466
f 466 490 491
f 466 491 467
f 467 491 492
f 467 492 468
f 468 492 493
f 468 493 469
f 469 493 494
f 469 494 470
f 470 494 495
f 470 495 471
f 471 495 496
f 471 496 472
f 472 496 497
f 472 497 473
f 473 497 498
f 473 498 474
f 474 498 499
f 474 499 475
f 475 499 500
f 476 501 477
f 477 501 502
f 477 502 478
f 478 502 503
f 478 503 479
f 479 503 504
f 479 504 480
f 480 504 505
f 480 505 481
f 481 505 506
f 481 506 482
f 482 506 507
f 482 507 483
f 483 507 508
f 483 508 484
f 484 508 509
f 484 509 485
f 485 509 510
f 485 510 486
f 486 510 511
f 486 511 487
f 487 511 512
f 487 512 488
f 488 512 513
f 488 513 489
f 489 513 514
f 489 514 490
f 490 514 515
f 490 515 491
f 491 515 516
f 491 516 492
f 492 516 517
f 492 517 493
f 493 517 518
f 493 518 494
f 494 518 519
f 494 519 495
f 495 519 520
f 495 520 496
f 496 520 521
f 496 521 497
f 497 521 522
f 497 522 498
f 498 522 523
f 498 523 499
f 499 523 524
f 499 524 500
f 500 524 525
f 501 526 502
f 502 526 527
f 502 527 503
f 503 527 528
f 503 528 504
f 504 528 529
f 504 529 505
f 505 529 530
f 505 530 506
f 506 530 531
f 506 531 507
f 507 531 532
f 507 532 508
f 508 532 533
f 508 533 509
f 509 533 534
f 509 534 510
f 510 534 535
f 510 535 511
f 511 535 536
f 511 536 512
f 512 536 537
f 512 537 513
f 513 537 538
f 513 538 514
f 514 538 539
f 514 539 515
f 515 539 540
f 515 540 516
f 516 540 541
f 516 541 517
f 517 541 542
f 517 542 518
f 518 542 543
f 518 543 519
f 519 543 544
f 519 544 520
f 520 544 545
f 520 545 521
f 521 545 546
f 521 546 522
f 522 546 547
f 522 547 523
f 523 547 548
f 523 548 524
f 524 548 549
f 524 549 525
f 525 549 550
f 526 551 527
f 527 551 552
f 527 552 528
f 528 552 553
f 528 553 529
f 529 553 554
f 529 554 530
f 530 554 555
f 530 555 531
f 531 555 556
f 531 556 532
f 532 556 557
f 532 557 533
f 533 557 558
f 533 558 534
f 534 558 559
f 534 559 535
f 535 559 560
f 535 560 536
f 536 560 561
f 536 561 537
f 537 561 562
f 537 562 538
f 538 562 563
f 538 563 539
f 539 563 564
f 539 564 540
f 540 564 565
f 540 565 541
f 541 565 566
f 541 566 542
f 542 566 567
f 542 567 543
f 543 567 568
f 543 568 544
f 544 568 569
f 544 569 545
f 545 569 570
f 545 570 546
f 546 570 571
f 546 571 547
f 547 571 572
f 547 572 548
f 548 572 573
f 548 573 549
f 549 573 574
f 549 574 550
f 550 574 575
f 551 576 552
f 552 576 577
f 552 577 553
f 553 577 578
f 553 578 554
f 554 578 579
f 554 579 555
f 555 579 580
f 555 580 556
f 556 580 581
f 556 581 557
f 557 581 582
f 557 582 558
f 558 582 583
f 558 583 559
f 559 583 584
f 559 584 560
f 560 584 585
f 560 585 561
f 561 585 586
f 561 586 562
f 562 586 587
f 562 587 563
f 563 587 588
f 563 588 564
f 564 588 589
f 564 589 565
f 565 589 590
f 565 590 566
f 566 590 591
f 566 591 567
f 567 591 592
f 567 592 568
f 568 592 593
f 568 593 569
f 569 593 594
f 569 594 570
f 570 594 595
f 570 595 571
f 571 595 596
f 571 596 572
f 572 596 597
f 572 597 573
f 573 597 598
f 573 598 574
f 574 598 599
f 574 599 575
f 575 599 600
f 576 601 577
f 577 601 602
f 577 602 578
f 578 602 603
f 578 603 579
f 579 603 604
f 579 604 580
f 580 604 605
f 580 605 581
f 581 605 606
f 581 606 582
f 582 606 607
f 582 607 583
f 583 607 608
f 583 608 584
f 584 608 609
f 584 609 585
f 585 609 610
f 585 610 586
f 586 610 611
f 586 611 587
f 587 611 612
f 587 612 588
f 588 612 613
f 588 613 589
f 589 613 614
f 589 614 590
f 590 614 615
f 590 615 591
f 591 615 616
f 591 616 592
f 592 616 617
f 592 617 593
f 593 617 618
f 593 618 594
f 594 618 619
f 594 619 595
f 595 619 620
f 595 620 596
f 596 620 621
f 596 621 597
f 597 621 622
f 597 622 598
f 598 622 623
f 598 623 599
f 599 623 624
f 599 624 600
f 600 624 625
f 601 626 602
f 602 626 627
f 602 627 603
f 603 627 628
f 603 628 604
f 604 628 629
f 604 629 605
f 605 629 630
f 605 630 606
f 606 630 631
f 606 631 607
f 607 631 632
f 607 632 608
f 608 632 633
f 608 633 609
f 609 633 634
f 609 634 610
f 610 634 635
f 610 635 611
f 611 635 636
f 611 636 612
f 612 636 637
f 612 637 613
f 613 637 638
f 613 638 614
f 614 638 639
f 614 639 615
f 615 639 640
f 615 640 616
f 616 640 641
f 616 641 617
f 617 641 642
f 617 642 618
f 618 642 643
f 618 643 619
f 619 643 644
f 619 644 620
f 620 644 645
f 620 645 621
f 621 645 646
f 621 646 622
f 622 646 647
f 622 647 623
f 623 647 648
f 623 648 624
f 624 648 649
f 624 649 625
f 625 649 650
f 626 651 627
f 627 651 652
f 627 652 628
f 628 652 653
f 628 653 629
f 629 653 654
f 629 654 630
f 630 654 655
f 630 655 631
f 631 655 656
f 631 656 632
f 632 656 657
f 632 657 633
f 633 657 658
f 633 658 634
f 634 658 659
f 634 659 635
f 635 659 660
f 635 660 636
f 636 660 661
f 636 661 637
f 637 661 662
f 637 662 638
f 638 662 663
f 638 663 639
f 639 663 664
f 639 664 640
f 640 664 665
f 640 665 641
f 641 665 666
f 641 666 642
f 642 666 667
f 642 667 643
f 643 667 668
f 643 668 644
f 644 668 669
f 644 669 645
f 645 669 670
f 645 670 646
f 646 670 671
f 646 671 647
f 647 671 672
f 647 672 648
f 648 672 673
f 648 673 649
f 649 673 674
f 649 674 650
f 650 674 675
f 651 676 652
f 652 676 677
f 652 677 653
f 653 677 678
f 653 678 654
f 654 678 679
f 654 679 655
f 655 679 680
f 655 680 656
f 656 680 681
f 656 681 657
f 657 681 682
f 657 682 658
f 658 682 683
f 658 683 659
f 659 683 684
f 659 684 660
f 660 684 685
f 660 685 661
f 661 685 686
f 661 686 662
f 662 686 687
f 662 687 663
f 663 687 688
f 663 688 664
f 664 688 689
f 664 689 665
f 665 689 690
f 665 690 666
f 666 690 691
f 666 691 667
f 667 691 692
f 667 692 668
f 668 692 693
f 668 693 669
f 669 693 694
f 669 694 670
f 670 694 695
f 670 695 671
f 671 695 696
f 671 696 672
f 672 696 697
f 672 697 673
f 673 697 698
f 673 698 674
f 674 698 699
f 674 699 675
f 675 699 700
f 676 701 677
f 677 701 702
f 677 702 678
f 678 702 703
f 678 703 679
f 679 703 704
f 679 704 680
f 680 704 705
f 680 705 681
f 681 705 706
f 681 706 682
f 682 706 707
f 682 707 683
f 683 707 708
f 683 708 684
f 684 708 709
f 684 709 685
f 685 709 710
f 685 710 686
f 686 710 711
f 686 711 687
f 687 711 712
f 687 712 688
f 688 712 713
f 688 713 689
f 689 713 714
f 689 714 690
f 690 714 715
f 690 715 691
f 691 715 716
f 691 716 692
f 692 716 717
f 692 717 693
f 693 717 718
f 693 718 694
f 694 718 719
f 694 719 695
f 695 719 720
f 695 720 696
f 696 720 721
f 696 721 697
f 697 721 722
f 697 722 698
f 698 722 723
f 698 723 699
f 699 723 724
f 699 724 700
f 700 724 725
f 701 726 702
f 702 726 727
f 702 727 703
f 703 727 728
f 703 728 704
f 704 728 729
f 704 729 705
f 705 729 730
f 705 730 706
f 706 730 731
f 706 731 707
f 707 731 732
f 707 732 708
f 708 732 733
f 708 733 709
f 709 733 734
f 709 734 710
f 710 734 735
f 710 735 711
f 711 735 736
f 711 736 712
f 712 736 737
f 712 737 713
f 713 737 738
f 713 738 714
f 714 738 739
f 714 739 715
f 715 739 740
f 715 740 716
f 716 740 741
f 716 741 717
f 717 741 742
f 717 742 718
f 718 742 743
f 718 743 719
f 719 743 744
f 719 744 720
f 720 744 745
f 720 745 721
f 721 745 746
f 721 746 722
f 722 746 747
f 722 747 723
f 723 747 748
f 723 748 724
f 724 748 749
f 724 749 725
f 725 749 750
f 726 751 727
f 727 751 752
f 727 752 728
f 728 752 753
f 728 753 729
f 729 753 754
f 729 754 730
f 730 754 755
f 730 755 731
f 731 755 756
f 731 756 732
f 732 756 757
f 732 757 733
f 733 757 758
f 733 758 734
f 734 758 759
f 734 759 735
f 735 759 760
f 735 760 736
f 736 760 761
f 736 761 737
f 737 761 762
f 737 762 738
f 738 762 763
f 738 763 739
f 739 763 764
f 739 764 740
f 740 764 765
f 740 765 741
f 741 765 766
f 741 766 742
f 742 766 767
f 742 767 743
f 743 767 768
f 743 768 744
f 744 768 769
f 744 769 745
f 745 769 770
f 745 770 746
f 746 770 771
f 746 771 747
f 747 771 772
f 747 772 748
f 748 772 773
f 748 773 749
f 749 773 774
f 749 774 750
f 750 774 775
f 751 776 752
f 752 776 777
f 752 777 753
f 753 777 778
f 753 778 754
f 754 778 779
f 754 779 755
f 755 779 780
f 755 780 756
f 756 780 781
f 756 781 757
f 757 781 782
f 757 782 758
f 758 782 783
f 758 783 759
f 759 783 784
f 759 784 760
f 760 784 785
f 760 785 761
f 761 785 786
f 761 786 762
f 762 786 787
f 762 787 763
f 763 787 788
f 763 788 764
f 764 788 789
f 764 789 765
f 765 789 790
f 765 790 766
f 766 790 791
f 766 791 767
f 767 791 792
f 767 792 768
f 768 792 793
f 768 793 769
f 769 793 794
f 769 794 770
f 770 794 795
f 770 795 771
f 771 795 796
f 771 796 772
f 772 796 797
f 772 797 773
f 773 797 798
f 773 798 774
f 774 798 799
f 774 799 775
f 775 799 800
f 776 801 777
f 777 801 802
f 777 802 778
f 778 802 803
f 778 803 779
f 779 803 804
f 779 804 780
f 780 804 805
f 780 805 781
f 781 805 806
f 781 806 782
f 782 806 807
f 782 807 783
f 783 807 808
f 783 808 784
f 784 808 809
f 784 809 785
f 785 809 810
f 785 810 786
f 786 810 811
f 786 811 787
f 787 811 812
f 787 812 788
f 788 812 813
f 788 813 789
f 789 813 814
f 789 814 790
f 790 814 815
f 790 815 791
f 791 815 816
f 791 816 792
f 792 816 817
f 792 817 793
f 793 817 818
f 793 818 794
f 794 818 819
f 794 819 795
f 795 819 820
f 795 820 796
f 796 820 821
f 796 821 797
f 797 821 822
f 797 822 798
f 798 822 823
f 798 823 799
f 799 823 824
f 799 824 800
f 800 824 825
f 801 826 802
f 802 826 827
f 802 827 803
f 803 827 828
f 803 828 804
f 804 828 829
f 804 829 805
f 805 829 830
f 805 830 806
f 806 830 831
f 806 831 807
f 807 831 832
f 807 832 808
f 808 832 833
f 808 833 809
f 809 833 834
f 809 834 810
f 810 834 835
f 810 835 811
f 811 835 836
f 811 836 812
f 812 836 837
f 812 837 813
f 813 837 838
f 813 838 814
f 814 838 839
f 814 839 815
f 815 839 840
f 815 840 816
f 816 840 841
f 816 841 817
f 817 841 842
f 817 842 818
f 818 842 843
f 818 843 819
f 819 843 844
f 819 844 820
f 820 844 845
f 820 845 821
f 821 845 846
f 821 846 822
f 822 846 847
f 822 847 823
f 823 847 848
f 823 848 824
f 824 848 849
f 824 849 825
f 825 849 850
o C3
v 0.31526013243173057 -0.024719403292306603 0.0
v 0.31526013243173057 -0.024719403292306603 0.0
v 0.31526013243173057 -0.024719403292306603 0.0
v 0.31526013243173057 -0.024719403292306603 0.0
v 0.31526013243173057 -0.024719403292306603 0.0
v 0.31526013243173057 -0.024719403292306603 0.0
v 0.31526013243173057 -0.024719403292306603 0.0
v 0.31526013243173057 -0.024719403292306603 0.0
v 0.31526013243173057 -0.024719403292306603 0.0
v 0.31526013243173057 -0.024719403292306603 0.0
v 0.31526013243173057 -0.024719403292306603 0.0
v 0.31526013243173057 -0.024719403292306603 0.0
v 0.31526013243173057 -0.024719403292306603 0.0
v 0.31526013243173057 -0.024719403292306603 0.0
v 0.31526013243173057 -0.024719403292306603 0.0
v 0.31526013243173057 -0.024719403292306603 0.0
v 0.31526013243173057 -0.024719403292306603 0.0
v 0.31526013243173057 -0.024719403292306603 0.0
v 0.31526013243173057 -0.024719403292306603 0.0
v 0.31526013243173057 -0.024719403292306603 0.0
v 0.31526013243173057 -0.024719403292306603 0.0
v 0.31526013243173057 -0.024719403292306603 0.0
v 0.31526013243173057 -0.024719403292306603 0.0
v 0.31526013243173057 -0.024719403292306603 0.0
v 0.31526013243173057 -0.024719403292306603 0.0
v 0.384143141097018 -0.06218727470481415 0.0
v 0.3816940246163573 -0.06115180486489093 0.055542399938253356
v 0.37451357841517596 -0.05811596090351727 0.10729967710887053
v 0.3630911380358361 -0.05328663056969139 0.15174465860561864
v 0.3482051239137144 -0.04699292474481785 0.185848492388299
v 0.330869993310932 -0.03966374908002106 0.207287058543872
v 0.31226710673041075 -0.03179857478482152 0.2145993542177411
v 0.2936642201498895 -0.023933400489622003 0.207287058543872
v 0.27632908954710717 -0.016604224824825237 0.185848492388299
v 0.26144307542498546 -0.010310518999951668 0.15174465860561867
v 0.2500206350456456 -0.005481188666125804 0.10729967710887053
v 0.2428401888444642 -0.0024453447047521333 0.05554239993825342
v 0.24039107236380355 -0.0014098748648289354 2.6280841224184568e-17
v 0.2428401888444642 -0.0024453447047521333 -0.05554239993825327
v 0.2500206350456456 -0.005481188666125804 -0.10729967710887058
v 0.26144307542498546 -0.010310518999951668 -0.15174465860561864
v 0.2763290895471071 -0.01660422482482521 -0.18584849238829895
v 0.2936642201498895 -0.023933400489622003 -0.207287058543872
v 0.31226710673041075 -0.03179857478482152 -0.2145993542177411
v 0.330869993310932 -0.03966374908002106 -0.20728705854387205
v 0.3482051239137144 -0.04699292474481785 -0.185848492388299
v 0.36309113803583604 -0.053286630569691365 -0.1517446586056187
v 0.37451357841517596 -0.05811596090351727 -0.10729967710887063
v 0.3816940246163573 -0.06115180486489093 -0.05554239993825335
v 0.384143141097018 -0.06218727470481415 -5.2561682448369137e-17
v 0.44439296296669506 -0.11237361981619315 0.0
v 0.4395888481782452 -0.1103424726615968 0.10895033659541639
v 0.4255038962965533 -0.10438745051976417 0.21047588780079937
v 0.4030979735158731 -0.0949143783085217 0.2976578550804083
v 0.37389800644617 -0.08256883024407358 0.364554931439151
v 0.339893924588017 -0.06819213502502913 0.40660819167582474
v 0.3034030499256449 -0.05276404067195401 0.4209517756015988
v 0.2669121752632728 -0.0373359463188789 0.40660819167582474
v 0.23290809340511984 -0.022959251099834464 0.364554931439151
v 0.20370812633541666 -0.010613703035386324 0.2976578550804084
v 0.1813022035547365 -0.0011406308241438583 0.21047588780079937
v 0.1672172516730446 0.004814391317688789 0.1089503365954165
v 0.1624131368845947 0.0068455384722851285 5.155172445858929e-17
v 0.1672172516730446 0.004814391317688789 -0.10895033659541623
v 0.1813022035547365 -0.0011406308241438583 -0.21047588780079945
v 0.20370812633541663 -0.010613703035386324 -0.2976578550804083
v 0.23290809340511973 -0.022959251099834422 -0.3645549314391509
v 0.2669121752632729 -0.037335946318878925 -0.40660819167582474
v 0.3034030499256448 -0.052764040671954 -0.4209517756015988
v 0.33989392458801687 -0.06819213502502908 -0.4066081916758248
v 0.37389800644617 -0.08256883024407358 -0.364554931439151
v 0.4030979735158731 -0.0949143783085217 -0.29765785508040843
v 0.4255038962965532 -0.10438745051976414 -0.2104758878007996
v 0.4395888481782452 -0.1103424726615968 -0.10895033659541636
v 0.44439296296669506 -0.11237361981619315 -1.0310344891717858e-16
v 0.49369423117479955 -0.17334980552864002 0.0
v 0.4867197375157019 -0.17040103690544123 0.1581713729172702
v 0.46627155675538084 -0.16175568474444532 0.30556362816078114
v 0.43374319862043575 -0.14800291550830422 0.43213222711290616
v 0.3913514169621097 -0.13007995769293518 0.5292517289195573
v 0.3419851416446859 -0.10920823125436734 0.5903036000301765
v 0.28900860274941975 -0.08681010985723032 0.6111272563215624
v 0.2360320638541536 -0.06441198846009333 0.5903036000301765
v 0.18666578853672997 -0.04354026202152551 0.5292517289195573
v 0.14427400687840383 -0.02561730420615644 0.4321322271129062
v 0.1117456487434587 -0.011864534970015314 0.30556362816078114
v 0.09129746798313768 -0.003219182809019436 0.1581713729172704
v 0.08432297432404007 -0.0002704141858206545 7.484150383259056e-17
v 0.09129746798313766 -0.0032191828090194223 -0.15817137291726996
v 0.11174564874345873 -0.011864534970015321 -0.3055636281607813
v 0.14427400687840378 -0.02561730420615642 -0.43213222711290616
v 0.1866657885367298 -0.04354026202152545 -0.5292517289195571
v 0.23603206385415365 -0.06441198846009334 -0.5903036000301765
v 0.2890086027494197 -0.08681010985723031 -0.6111272563215624
v 0.34198514164468585 -0.10920823125436731 -0.5903036000301765
v 0.3913514169621097 -0.13007995769293518 -0.5292517289195573
v 0.4337431986204357 -0.1480029155083042 -0.4321322271129063
v 0.46627155675538073 -0.1617556847444453 -0.3055636281607815
v 0.4867197375157019 -0.17040103690544123 -0.15817137291727018
v 0.49369423117479955 -0.17334980552864002 -1.4968300766518111e-16
v 0.5301523256325635 -0.2427725512210642 0.0
v 0.5212754789827962 -0.23901948065376402 0.20131397208144125
v 0.4952498814629933 -0.2280160345087826 0.3889087296526011
v 0.4538491345347958 -0.2105120794568459 0.5499999999999999
v 0.3998946306833912 -0.18770048110809 0.673609679265374
v 0.33706328018221926 -0.16113581219203393 0.7513139720814412
v 0.26963693573421876 -0.1326284109951158 0.7778174593052023
v 0.2022105912862183 -0.10412100979819769 0.7513139720814412
v 0.13937924078504646 -0.07755634088214164 0.673609679265374
v 0.0854247369336418 -0.054744742533385723 0.55
v 0.04402399000544426 -0.03724078748144902 0.3889087296526011
v 0.017998392485641303 -0.0262373413364676 0.20131397208144144
v 0.009121545835873978 -0.022484270769167407 9.525516618590425e-17
v 0.01799839248564125 -0.02623734133646758 -0.20131397208144095
v 0.04402399000544426 -0.03724078748144902 -0.3889087296526012
v 0.0854247369336417 -0.05474474253338568 -0.5499999999999999
v 0.13937924078504627 -0.07755634088214156 -0.6736096792653737
v 0.20221059128621835 -0.1041210097981977 -0.7513139720814412
v 0.2696369357342187 -0.1326284109951158 -0.7778174593052023
v 0.33706328018221915 -0.16113581219203385 -0.7513139720814415
v 0.3998946306833912 -0.18770048110809 -0.673609679265374
v 0.45384913453479575 -0.21051207945684589 -0.5500000000000002
v 0.4952498814629932 -0.22801603450878255 -0.3889087296526015
v 0.5212754789827962 -0.23901948065376402 -0.2013139720814412
v 0.5301523256325635 -0.2427725512210642 -1.905103323718085e-16
v 0.5523661822159104 -0.3179739797092303 0.0
v 0.5419281148140311 -0.3135608355949839 0.2367201881966987
v 0.5113252496521089 -0.30062215173056483 0.45730828676639984
v 0.46264312141730324 -0.2800396780391474 0.6467315813306473
v 0.3991993366977953 -0.25321607608865565 0.7920811874016827
v 0.32531748457640786 -0.22197933002391737 0.8834517695273462
v 0.24603249117968004 -0.18845817246808091 0.9146165735327998
v 0.16674749778295228 -0.15493701491224446 0.8834517695273462
v 0.09286564566156494 -0.12370026884750623 0.7920811874016827
v 0.029421860942056892 -0.09687666689701442 0.6467315813306475
v -0.019260267292748812 -0.07629419320559697 0.45730828676639984
v -0.04986313245467089 -0.06335550934117798 0.23672018819669896
v -0.06030119985655029 -0.058942365226931505 1.1200822592240632e-16
v -0.049863132454670944 -0.06335550934117795 -0.23672018819669835
v -0.019260267292748812 -0.07629419320559697 -0.45730828676640006
v 0.029421860942056816 -0.09687666689701438 -0.6467315813306473
v 0.09286564566156474 -0.12370026884750614 -0.7920811874016824
v 0.1667474977829523 -0.1549370149122445 -0.8834517695273462
v 0.24603249117967999 -0.1884581724680809 -0.9146165735327998
v 0.3253174845764077 -0.2219793300239173 -0.8834517695273463
v 0.3991993366977953 -0.25321607608865565 -0.7920811874016827
v 0.46264312141730324 -0.2800396780391474 -0.6467315813306476
v 0.5113252496521089 -0.30062215173056483 -0.45730828676640034
v 0.5419281148140311 -0.3135608355949839 -0.23672018819669866
v 0.5523661822159104 -0.3179739797092303 -2.2401645184481265e-16
v 0.5594821348740161 -0.396064142269785 0.0
v 0.5478839757965432 -0.39116051926198303 0.26302938023376793
v 0.5138798939383902 -0.37678382404293853 0.5081337428812077
v 0.459787211283788 -0.3539138046332173 0.718609630682007
v 0.3892922547632629 -0.32410901506109774 0.8801134597103921
v 0.30719913916526487 -0.28940060248117616 0.9816390109157752
v 0.2191023746525095 -0.25215388785241044 1.0162674857624154
v 0.13100561013975418 -0.21490717322364475 0.9816390109157752
v 0.048912494541756266 -0.18019876064372323 0.8801134597103922
v -0.021582461978768838 -0.15039397107160365 0.7186096306820072
v -0.0756751446333712 -0.12752395166188238 0.5081337428812077
v -0.10967922649152419 -0.11314725644283795 0.26302938023376826
v -0.12127738556899714 -0.10824363343503593 1.2445687235164704e-16
v -0.10967922649152428 -0.1131472564428379 -0.2630293802337676
v -0.07567514463337115 -0.1275239516618824 -0.5081337428812078
v -0.02158246197876894 -0.1503939710716036 -0.718609630682007
v 0.04891249454175606 -0.18019876064372314 -0.8801134597103918
v 0.13100561013975423 -0.21490717322364478 -0.9816390109157752
v 0.21910237465250945 -0.25215388785241044 -1.0162674857624154
v 0.30719913916526476 -0.2894006024811761 -0.9816390109157753
v 0.3892922547632629 -0.32410901506109774 -0.8801134597103921
v 0.4597872112837879 -0.35391380463321725 -0.7186096306820073
v 0.5138798939383901 -0.3767838240429385 -0.5081337428812082
v 0.5478839757965432 -0.39116051926198303 -0.26302938023376793
v 0.5594821348740161 -0.396064142269785 -2.489137447032941e-16
v 0.551226721536902 -0.4740420777489938 0.0
v 0.5389141815328605 -0.4688364193298427 0.2792305006970294
v 0.5028156407745764 -0.4535742010908971 0.5394319042217767
v 0.4453911551590681 -0.429295517983133 0.7628719149271811
v 0.37055410848258263 -0.39765492213792364 0.9343234653357457
v 0.28340452180205544 -0.36080866787356314 1.0421024156242105
v 0.18988149542826296 -0.3212677665268534 1.0788638084435536
v 0.09635846905447051 -0.2817268651801437 1.0421024156242105
v 0.009208882373943475 -0.24488061091578328 0.9343234653357458
v -0.06562816430254205 -0.21324001507057389 0.7628719149271812
v -0.12305264991805055 -0.1889613319628098 0.5394319042217767
v -0.15915119067633446 -0.1736991137238642 0.2792305006970297
v -0.17146373068037615 -0.16849345530471305 1.3212271097263211e-16
v -0.15915119067633451 -0.17369911372386418 -0.279230500697029
v -0.1230526499180505 -0.18896133196280981 -0.5394319042217769
v -0.0656281643025421 -0.21324001507057389 -0.7628719149271811
v 0.009208882373943253 -0.24488061091578317 -0.9343234653357455
v 0.09635846905447057 -0.2817268651801437 -1.0421024156242105
v 0.1898814954282629 -0.3212677665268534 -1.0788638084435536
v 0.2834045218020553 -0.360808667873563 -1.0421024156242107
v 0.37055410848258263 -0.39765492213792364 -0.9343234653357457
v 0.44539115515906796 -0.4292955179831329 -0.7628719149271813
v 0.5028156407745764 -0.4535742010908971 -0.5394319042217772
v 0.5389141815328605 -0.4688364193298427 -0.2792305006970293
v 0.551226721536902 -0.4740420777489938 -2.6424542194526423e-16
v 0.5279171931094243 -0.5489111378169209 0.0
v 0.5153634361862174 -0.5436034945201017 0.2847009496127728
v 0.47855768320484837 -0.5280422717490271 0.5499999999999999
v 0.4200081854066152 -0.5032879411194091 0.7778174593052023
v 0.3437049943088474 -0.4710274693551908 0.9526279441628825
v 0.25484804628787244 -0.4334593542941533 1.0625184089179753
v 0.15949279550827036 -0.3931438008934607 1.1
v 0.0641375447286682 -0.35282824749276803 1.0625184089179753
v -0.02471940329230659 -0.3152601324317306 0.9526279441628827
v -0.10102259439007444 -0.28299966066751225 0.7778174593052024
v -0.15957209218830767 -0.25824533003789435 0.5499999999999999
v -0.19637784516967657 -0.2426841072668197 0.28470094961277315
v -0.2089316020928837 -0.23737646397000045 1.3471114790620887e-16
v -0.19637784516967666 -0.24268410726681963 -0.2847009496127724
v -0.15957209218830762 -0.25824533003789435 -0.5500000000000002
v -0.1010225943900745 -0.28299966066751225 -0.7778174593052023
v -0.02471940329230681 -0.3152601324317305 -0.9526279441628823
v 0.06413754472866831 -0.3528282474927681 -1.0625184089179753
v 0.1594927955082703 -0.3931438008934606 -1.1
v 0.25484804628787233 -0.4334593542941532 -1.0625184089179753
v 0.3437049943088474 -0.4710274693551908 -0.9526279441628825
v 0.4200081854066151 -0.5032879411194091 -0.7778174593052025
v 0.47855768320484826 -0.528042271749027 -0.5500000000000005
v 0.5153634361862174 -0.5436034945201017 -0.28470094961277276
v 0.5279171931094243 -0.5489111378169209 -2.6942229581241775e-16
v 0.49044932169691685 -0.6177941464822082 0.0
v 0.4781367816928754 -0.6125884880630571 0.2792305006970294
v 0.44203824093459126 -0.5973262698241115 0.5394319042217767
v 0.3846137553190829 -0.5730475867163474 0.7628719149271811
v 0.30977670864259743 -0.5414069908711381 0.9343234653357457
v 0.2226271219620702 -0.5045607366067776 1.0421024156242105
v 0.12910409558827776 -0.46501983526006785 1.0788638084435536
v 0.03558106921448532 -0.42547893391335817 1.0421024156242105
v -0.05156851746604172 -0.38863267964899767 0.9343234653357458
v -0.12640556414252724 -0.35699208380378833 0.7628719149271812
v -0.18383004975803574 -0.33271340069602423 0.5394319042217767
v -0.21992859051631966 -0.31745118245707865 0.2792305006970297
v -0.23224113052036136 -0.31224552403792744 1.3212271097263211e-16
v -0.21992859051631972 -0.3174511824570786 -0.279230500697029
v -0.18383004975803569 -0.33271340069602423 -0.5394319042217769
v -0.1264055641425273 -0.3569920838037883 -0.7628719149271811
v -0.05156851746604194 -0.3886326796489976 -0.9343234653357455
v 0.035581069214485374 -0.42547893391335817 -1.0421024156242105
v 0.1291040955882777 -0.46501983526006785 -1.0788638084435536
v 0.22262712196207005 -0.5045607366067775 -1.0421024156242107
v 0.30977670864259743 -0.5414069908711381 -0.9343234653357457
v 0.38461375531908276 -0.5730475867163474 -0.7628719149271813
v 0.44203824093459126 -0.5973262698241115 -0.5394319042217772
v 0.4781367816928754 -0.6125884880630571 -0.2792305006970293
v 0.49044932169691685 -0.6177941464822082 -2.6424542194526423e-16
v 0.44026297658553787 -0.6780439683518853 0.0
v 0.428664817508065 -0.6731403453440834 0.26302938023376793
v 0.39466073564991194 -0.6587636501250389 0.5081337428812077
v 0.34056805299530973 -0.6358936307153177 0.718609630682007
v 0.2700730964747846 -0.606088841143198 0.8801134597103921
v 0.18797998087678655 -0.5713804285632765 0.9816390109157752
v 0.09988321636403122 -0.5341337139345108 1.0162674857624154
v 0.011786451851275892 -0.49688699930574515 0.9816390109157752
v -0.07030666374672202 -0.4621785867258236 0.8801134597103922
v -0.14080162026724713 -0.43237379715370405 0.7186096306820072
v -0.19489430292184948 -0.4095037777439828 0.5081337428812077
v -0.22889838478000246 -0.39512708252493833 0.26302938023376826
v -0.24049654385747543 -0.39022345951713633 1.2445687235164704e-16
v -0.22889838478000257 -0.3951270825249383 -0.2630293802337676
v -0.19489430292184942 -0.4095037777439828 -0.5081337428812078
v -0.14080162026724724 -0.432373797153704 -0.718609630682007
v -0.07030666374672223 -0.4621785867258235 -0.8801134597103918
v 0.011786451851275947 -0.49688699930574515 -0.9816390109157752
v 0.09988321636403116 -0.5341337139345108 -1.0162674857624154
v 0.18797998087678644 -0.5713804285632764 -0.9816390109157753
v 0.2700730964747846 -0.606088841143198 -0.8801134597103921
v 0.3405680529953096 -0.6358936307153177 -0.7186096306820073
v 0.39466073564991183 -0.6587636501250389 -0.5081337428812082
v 0.428664817508065 -0.6731403453440834 -0.26302938023376793
v 0.44026297658553787 -0.6780439683518853 -2.489137447032941e-16
v 0.37928679087309125 -0.7273452365599898 0.0
v 0.3688487234712118 -0.7229320924457433 0.23672018819669877
v 0.33824585830928966 -0.7099934085813243 0.45730828676639995
v 0.289563730074484 -0.6894109348899069 0.6467315813306475
v 0.22611994535497598 -0.6625873329394151 0.7920811874016828
v 0.1522380932335885 -0.6313505868746768 0.8834517695273464
v 0.07295309983686071 -0.5978294293188403 0.9146165735328001
v -0.0063318935598670805 -0.5643082717630039 0.8834517695273464
v -0.08021374568125442 -0.5330715256982657 0.792081187401683
v -0.14365753040076248 -0.5062479237477738 0.6467315813306476
v -0.1923396586355682 -0.48566545005635636 0.45730828676639995
v -0.22294252379749027 -0.4727267661919374 0.23672018819669902
v -0.23338059119936974 -0.4683136220776909 1.1200822592240635e-16
v -0.22294252379749033 -0.4727267661919374 -0.2367201881966984
v -0.19233965863556815 -0.4856654500563564 -0.4573082867664002
v -0.14365753040076257 -0.5062479237477738 -0.6467315813306475
v -0.08021374568125463 -0.5330715256982655 -0.7920811874016827
v -0.006331893559867025 -0.5643082717630039 -0.8834517695273464
v 0.07295309983686066 -0.5978294293188403 -0.9146165735328001
v 0.15223809323358833 -0.6313505868746767 -0.8834517695273464
v 0.22611994535497598 -0.6625873329394151 -0.7920811874016828
v 0.2895637300744839 -0.6894109348899068 -0.6467315813306477
v 0.33824585830928955 -0.7099934085813243 -0.45730828676640045
v 0.3688487234712118 -0.7229320924457433 -0.2367201881966987
v 0.37928679087309125 -0.7273452365599898 -2.240164518448127e-16
v 0.30986404518066685 -0.7638033310177539 0.0
v 0.30098719853089956 -0.7600502604504537 0.20131397208144128
v 0.2749616010110965 -0.7490468143054723 0.38890872965260115
v 0.233560854082899 -0.7315428592535356 0.55
v 0.1796063502314944 -0.7087312609047797 0.6736096792653741
v 0.11677499973032247 -0.6821665919887235 0.7513139720814415
v 0.049348655282321977 -0.6536591907918055 0.7778174593052024
v -0.01807768916567852 -0.6251517895948873 0.7513139720814415
v -0.08090903966685035 -0.5985871206788312 0.6736096792653741
v -0.13486354351825505 -0.5757755223300753 0.5500000000000002
v -0.1762642904464526 -0.5582715672781386 0.38890872965260115
v -0.2022898879662555 -0.5472681211331573 0.2013139720814415
v -0.21116673461602287 -0.543515050565857 9.525516618590429e-17
v -0.2022898879662556 -0.5472681211331571 -0.20131397208144097
v -0.1762642904464526 -0.5582715672781386 -0.38890872965260126
v -0.1348635435182551 -0.5757755223300753 -0.55
v -0.08090903966685055 -0.5985871206788311 -0.6736096792653739
v -0.018077689165678465 -0.6251517895948874 -0.7513139720814415
v 0.04934865528232192 -0.6536591907918055 -0.7778174593052024
v 0.11677499973032236 -0.6821665919887234 -0.7513139720814416
v 0.1796063502314944 -0.7087312609047797 -0.6736096792653741
v 0.23356085408289895 -0.7315428592535355 -0.5500000000000002
v 0.2749616010110965 -0.7490468143054723 -0.38890872965260154
v 0.30098719853089956 -0.7600502604504537 -0.20131397208144122
v 0.30986404518066685 -0.7638033310177539 -1.9051033237180858e-16
v 0.23466261669250071 -0.7860171876011007 0.0
v 0.22768812303340308 -0.783068418977902 0.1581713729172702
v 0.207239942273082 -0.7744230668169061 0.30556362816078114
v 0.17471158413813692 -0.760670297580765 0.43213222711290616
v 0.13231980247981084 -0.742747339765396 0.5292517289195573
v 0.08295352716238709 -0.721875613326828 0.5903036000301765
v 0.029976988267120926 -0.6994774919296911 0.6111272563215624
v -0.02299955062814523 -0.6770793705325541 0.5903036000301765
v -0.07236582594556885 -0.6562076440939862 0.5292517289195573
v -0.11475760760389499 -0.6382846862786172 0.4321322271129062
v -0.14728596573884015 -0.624531917042476 0.30556362816078114
v -0.16773414649916116 -0.6158865648814802 0.1581713729172704
v -0.17470864015825877 -0.6129377962582814 7.484150383259056e-17
v -0.16773414649916119 -0.6158865648814802 -0.15817137291726996
v -0.14728596573884012 -0.624531917042476 -0.3055636281607813
v -0.11475760760389504 -0.6382846862786171 -0.43213222711290616
v -0.07236582594556902 -0.6562076440939862 -0.5292517289195571
v -0.022999550628145175 -0.6770793705325541 -0.5903036000301765
v 0.02997698826712087 -0.699477491929691 -0.6111272563215624
v 0.08295352716238703 -0.721875613326828 -0.5903036000301765
v 0.13231980247981084 -0.742747339765396 -0.5292517289195573
v 0.17471158413813687 -0.760670297580765 -0.4321322271129063
v 0.2072399422730819 -0.7744230668169061 -0.3055636281607815
v 0.22768812303340308 -0.783068418977902 -0.15817137291727018
v 0.23466261669250071 -0.7860171876011007 -1.4968300766518111e-16
v 0.15657245413194606 -0.7931331402592064 0.0
v 0.15176833934349618 -0.7911019931046102 0.10895033659541642
v 0.13768338746180422 -0.7851469709627775 0.21047588780079943
v 0.11527746468112414 -0.775673898751535 0.29765785508040843
v 0.08607749761142096 -0.7633283506870869 0.3645549314391511
v 0.05207341575326794 -0.7489516554680424 0.4066081916758249
v 0.015582541090895833 -0.7335235611149673 0.4209517756015989
v -0.02090833357147622 -0.7180954667618922 0.4066081916758249
v -0.054912415429629234 -0.7037187715428478 0.36455493143915113
v -0.08411238249933241 -0.6913732234783997 0.2976578550804085
v -0.10651830528001256 -0.6819001512671572 0.21047588780079943
v -0.12060325716170446 -0.6759451291253246 0.10895033659541653
v -0.1254073719501544 -0.6739139819707282 5.15517244585893e-17
v -0.12060325716170449 -0.6759451291253245 -0.10895033659541625
v -0.10651830528001256 -0.6819001512671572 -0.2104758878007995
v -0.08411238249933244 -0.6913732234783996 -0.29765785508040843
v -0.05491241542962932 -0.7037187715428478 -0.364554931439151
v -0.02090833357147622 -0.7180954667618922 -0.4066081916758249
v 0.015582541090895777 -0.7335235611149673 -0.4209517756015989
v 0.05207341575326783 -0.7489516554680424 -0.40660819167582496
v 0.08607749761142096 -0.7633283506870869 -0.3645549314391511
v 0.11527746468112408 -0.775673898751535 -0.2976578550804085
v 0.13768338746180422 -0.7851469709627775 -0.21047588780079965
v 0.15176833934349618 -0.7911019931046102 -0.10895033659541639
v 0.15657245413194606 -0.7931331402592064 -1.031034489171786e-16
v 0.07859451865273731 -0.7848777269220925 0.0
v 0.07614540217207666 -0.7838422570821693 0.05554239993825346
v 0.0689649559708953 -0.7808064131207956 0.10729967710887073
v 0.05754251559155543 -0.7759770827869696 0.15174465860561892
v 0.04265650146943367 -0.7696833769620961 0.18584849238829934
v 0.02532137086665126 -0.7623542012972994 0.20728705854387242
v 0.006718484286129979 -0.7544890270020997 0.21459935421774148
v -0.011884402294391304 -0.7466238527069002 0.20728705854387242
v -0.02921953289717366 -0.7392946770421035 0.18584849238829937
v -0.044105547019295366 -0.7330009712172298 0.15174465860561895
v -0.05552798739863532 -0.728171640883404 0.10729967710887073
v -0.06270843359981668 -0.7251357969220303 0.055542399938253516
v -0.06515755008047736 -0.7241003270821071 2.6280841224184615e-17
v -0.0627084335998167 -0.7251357969220303 -0.05554239993825338
v -0.05552798739863532 -0.728171640883404 -0.10729967710887077
v -0.044105547019295394 -0.7330009712172298 -0.15174465860561892
v -0.029219532897173717 -0.7392946770421034 -0.18584849238829929
v -0.011884402294391304 -0.7466238527069002 -0.20728705854387242
v 0.006718484286129979 -0.7544890270020997 -0.21459935421774148
v 0.025321370866651205 -0.7623542012972992 -0.20728705854387244
v 0.04265650146943367 -0.7696833769620961 -0.18584849238829934
v 0.05754251559155538 -0.7759770827869696 -0.15174465860561898
v 0.0689649559708953 -0.7808064131207956 -0.10729967710887084
v 0.07614540217207666 -0.7838422570821693 -0.055542399938253446
v 0.07859451865273731 -0.7848777269220925 -5.256168244836923e-17
v 0.0037254585848102155 -0.7615681984946147 0.0
v 0.0037254585848102155 -0.7615681984946147 3.486581066574942e-17
v 0.0037254585848102155 -0.7615681984946147 6.735557395310441e-17
v 0.0037254585848102155 -0.7615681984946147 9.525516618590425e-17
v 0.00372545858481016 -0.7615681984946147 1.1666327625973975e-16
v 0.00372545858481016 -0.7615681984946147 1.301209768516537e-16
v 0.00372545858481016 -0.7615681984946147 1.3471114790620887e-16
v 0.00372545858481016 -0.7615681984946147 1.301209768516537e-16
v 0.00372545858481016 -0.7615681984946147 1.1666327625973978e-16
v 0.0037254585848101045 -0.7615681984946147 9.525516618590429e-17
v 0.0037254585848101045 -0.7615681984946147 6.735557395310441e-17
v 0.0037254585848101045 -0.7615681984946147 3.486581066574945e-17
v 0.0037254585848101045 -0.7615681984946147 1.6497357609280434e-32
v 0.0037254585848101045 -0.7615681984946147 -3.4865810665749364e-17
v 0.0037254585848101045 -0.7615681984946147 -6.735557395310445e-17
v 0.0037254585848101045 -0.7615681984946147 -9.525516618590425e-17
v 0.00372545858481016 -0.7615681984946147 -1.1666327625973973e-16
v 0.00372545858481016 -0.7615681984946147 -1.301209768516537e-16
v 0.00372545858481016 -0.7615681984946147 -1.3471114790620887e-16
v 0.00372545858481016 -0.7615681984946147 -1.301209768516537e-16
v 0.00372545858481016 -0.7615681984946147 -1.1666327625973975e-16
v 0.0037254585848102155 -0.7615681984946147 -9.52551661859043e-17
v 0.0037254585848102155 -0.7615681984946147 -6.735557395310449e-17
v 0.0037254585848102155 -0.7615681984946147 -3.48658106657494e-17
v 0.0037254585848102155 -0.7615681984946147 -3.299471521856087e-32
f 851 876 852
f 852 876 877
f 852 877 853
f 853 877 878
f 853 878 854
f 854 878 879
f 854 879 855
f 855 879 880
f 855 880 856
f 856 880 881
f 856 881 857
f 857 881 882
f 857 882 858
f 858 882 883
f 858 883 859
f 859 883 884
f 859 884 860
f 860 884 885
f 860 885 861
f 861 885 886
f 861 886 862
f 862 886 887
f 862 887 863
f 863 887 888
f 863 888 864
f 864 888 889
f 864 889 865
f 865 889 890
f 865 890 866
f 866 890 891
f 866 891 867
f 867 891 892
f 867 892 868
f 868 892 893
f 868 893 869
f 869 893 894
f 869 894 870
f 870 894 895
f 870 895 871
f 871 895 896
f 871 896 872
f 872 896 897
f 872 897 873
f 873 897 898
f 873 898 874
f 874 898 899
f 874 899 875
f 875 899 900
f 876 901 877
f 877 901 902
f 877 902 878
f 878 902 903
f 878 903 879
f 879 903 904
f 879 904 880
f 880 904 905
f 880 905 881
f 881 905 906
f 881 906 882
f 882 906 907
f 882 907 883
f 883 907 908
f 883 908 884
f 884 908 909
f 884 909 885
f 885 909 910
f 885 910 886
f 886 910 911
f 886 911 887
f 887 911 912
f 887 912 888
f 888 912 913
f 888 913 889
f 889 913 914
f 889 914 890
f 890 914 915
f 890 915 891
f 891 915 916
f 891 916 892
f 892 916 917
f 892 917 893
f 893 917 918
f 893 918 894
f 894 918 919
f 894 919 895
f 895 919 920
f 895 920 896
f 896 920 921
f 896 921 897
f 897 921 922
f 897 922 898
f 898 922 923
f 898 923 899
f 899 923 924
f 899 924 900
f 900 924 925
f 901 926 902
f 902 926 927
f 902 927 903
f 903 927 928
f 903 928 904
f 904 928 929
f 904 929 905
f 905 929 930
f 905 930 906
f 906 930 931
f 906 931 907
f 907 931 932
f 907 932 908
f 908 932 933
f 908 933 909
f 909 933 934
f 909 934 910
f 910 934 935
f 910 935 911
f 911 935 936
f 911 936 912
f 912 936 937
f 912 937 913
f 913 937 938
f 913 938 914
f 914 938 939
f 914 939 915
f 915 939 940
f 915 940 916
f 916 940 941
f 916 941 917
f 917 941 942
f 917 942 918
f 918 942 943
f 918 943 919
f 919 943 944
f 919 944 920
f 920 944 945
f 920 945 921
f 921 945 946
f 921 946 922
f 922 946 947
f 922 947 923
f 923 947 948
f 923 948 924
f 924 948 949
f 924 949 925
f 925 949 950
f 926 951 927
f 927 951 952
f 927 952 928
f 928 952 953
f 928 953 929
f 929 953 954
f 929 954 930
f 930 954 955
f 930 955 931
f 931 955 956
f 931 956 932
f 932 956 957
f 932 957 933
f 933 957 958
f 933 958 934
f 934 958 959
f 934 959 935
f 935 959 960
f 935 960 936
f 936 960 961
f 936 961 937
f 937 961 962
f 937 962 938
f 938 962 963
f 938 963 939
f 939 963 964
f 939 964 940
f 940 964 965
f 940 965 941
f 941 965 966
f 941 966 942
f 942 966 967
f 942 967 943
f 943 967 968
f 943 968 944
f 944 968 969
f 944 969 945
f 945 969 970
f 945 970 946
f 946 970 971
f 946 971 947
f 947 971 972
f 947 972 948
f 948 972 973
f 948 973 949
f 949 973 974
f 949 974 950
f 950 974 975
f 951 976 952
f 952 976 977
f 952 977 953
f 953 977 978
f 953 978 954
f 954 978 979
f 954 979 955
f 955 979 980
f 955 980 956
f 956 980 981
f 956 981 957
f 957 981 982
f 957 982 958
f 958 982 983
f 958 983 959
f 959 983 984
f 959 984 960
f 960 984 985
f 960 985 961
f 961 985 986
f 961 986 962
f 962 986 987
f 962 987 963
f 963 987 988
f 963 988 964
f 964 988 989
f 964 989 965
f 965 989 990
f 965 990 966
f 966 990 991
f 966 991 967
f 967 991 992
f 967 992 968
f 968 992 993
f 968 993 969
f 969 993 994
f 969 994 970
f 970 994 995
f 970 995 971
f 971 995 996
f 971 996 972
f 972 996 997
f 972 997 973
f 973 997 998
f 973 998 974
f 974 998 999
f 974 999 975
f 975 999 1000
f 976 1001 977
f 977 1001 1002
f 977 1002 978
f 978 1002 1003
f 978 1003 979
f 979 1003 1004
f 979 1004 980
f 980 1004 1005
f 980 1005 981
f 981 1005 1006
f 981 1006 982
f 982 1006 1007
f 982 1007 983
f 983 1007 1008
f 983 1008 984
f 984 1008 1009
f 984 1009 985
f 985 1009 1010
f 985 1010 986
f 986 1010 1011
f 986 1011 987
f 987 1011 1012
f 987 1012 988
f 988 1012 1013
f 988 1013 989
f 989 1013 1014
f 989 1014 990
f 990 1014 1015
f 990 1015 991
f 991 1015 1016
f 991 1016 992
f 992 1016 1017
f 992 1017 993
f 993 1017 1018
f 993 1018 994
f 994 1018 1019
f 994 1019 995
f 995 1019 1020
f 995 1020 996
f 996 1020 1021
f 996 1021 997
f 997 1021 1022
f 997 1022 998
f 998 1022 1023
f 998 1023 999
f 999 1023 1024
f 999 1024 1000
f 1000 1024 1025
f 1001 1026 1002
f 1002 1026 1027
f 1002 1027 1003
f 1003 1027 1028
f 1003 1028 1004
f 1004 1028 1029
f 1004 1029 1005
f 1005 1029 1030
f 1005 1030 1006
f 1006 1030 1031
f 1006 1031 1007
f 1007 1031 1032
f 1007 1032 1008
f 1008 1032 1033
f 1008 1033 1009
f 1009 1033 1034
f 1009 1034 1010
f 1010 1034 1035
f 1010 1035 1011
f 1011 1035 1036
f 1011 1036 1012
f 1012 1036 1037
f 1012 1037 1013
f 1013 1037 1038
f 1013 1038 1014
f 1014 1038 1039
f 1014 1039 1015
f 1015 1039 1040
f 1015 1040 1016
f 1016 1040 1041
f 1016 1041 1017
f 1017 1041 1042
f 1017 1042 1018
f 1018 1042 1043
f 1018 1043 1019
f 1019 1043 1044
f 1019 1044 1020
f 1020 1044 1045
f 1020 1045 1021
f 1021 1045 1046
f 1021 1046 1022
f 1022 1046 1047
f 1022 1047 1023
f 1023 1047 1048
f 1023 1048 1024
f 1024 1048 1049
f 1024 1049 1025
f 1025 1049 1050
f 1026 1051 1027
f 1027 1051 1052
f 1027 1052 1028
f 1028 1052 1053
f 1028 1053 1029
f 1029 1053 1054
f 1029 1054 1030
f 1030 1054 1055
f 1030 1055 1031
f 1031 1055 1056
f 1031 1056 1032
f 1032 1056 1057
f 1032 1057 1033
f 1033 1057 1058
f 1033 1058 1034
f 1034 1058 1059
f 1034 1059 1035
f 1035 1059 1060
f 1035 1060 1036
f 1036 1060 1061
f 1036 1061 1037
f 1037 1061 1062
f 1037 1062 1038
f 1038 1062 1063
f 1038 1063 1039
f 1039 1063 1064
f 1039 1064 1040
f 1040 1064 1065
f 1040 1065 1041
f 1041 1065 1066
f 1041 1066 1042
f 1042 1066 1067
f 1042 1067 1043
f 1043 1067 1068
f 1043 1068 1044
f 1044 1068 1069
f 1044 1069 1045
f 1045 1069 1070
f 1045 1070 1046
f 1046 1070 1071
f 1046 1071 1047
f 1047 1071 1072
f 1047 1072 1048
f 1048 1072 1073
f 1048 1073 1049
f 1049 1073 1074
f 1049 1074 1050
f 1050 1074 1075
f 1051 1076 1052
f 1052 1076 1077
f 1052 1077 1053
f 1053 1077 1078
f 1053 1078 1054
f 1054 1078 1079
f 1054 1079 1055
f 1055 1079 1080
f 1055 1080 1056
f 1056 1080 1081
f 1056 1081 1057
f 1057 1081 1082
f 1057 1082 1058
f 1058 1082 1083
f 1058 1083 1059
f 1059 1083 1084
f 1059 1084 1060
f 1060 1084 1085
f 1060 1085 1061
f 1061 1085 1086
f 1061 1086 1062
f 1062 1086 1087
f 1062 1087 1063
f 1063 1087 1088
f 1063 1088 1064
f 1064 1088 1089
f 1064 1089 1065
f 1065 1089 1090
f 1065 1090 1066
f 1066 1090 1091
f 1066 1091 1067
f 1067 1091 1092
f 1067 1092 1068
f 1068 1092 1093
f 1068 1093 1069
f 1069 1093 1094
f 1069 1094 1070
f 1070 1094 1095
f 1070 1095 1071
f 1071 1095 1096
f 1071 1096 1072
f 1072 1096 1097
f 1072 1097 1073
f 1073 1097 1098
f 1073 1098 1074
f 1074 1098 1099
f 1074 1099 1075
f 1075 1099 1100
f 1076 1101 1077
f 1077 1101 1102
f 1077 1102 1078
f 1078 1102 1103
f 1078 1103 1079
f 1079 1103 1104
f 1079 1104 1080
f 1080 1104 1105
f 1080 1105 1081
f 1081 1105 1106
f 1081 1106 1082
f 1082 1106 1107
f 1082 1107 1083
f 1083 1107 1108
f 1083 1108 1084
f 1084 1108 1109
f 1084 1109 1085
f 1085 1109 1110
f 1085 1110 1086
f 1086 1110 1111
f 1086 1111 1087
f 1087 1111 1112
f 1087 1112 1088
f 1088 1112 1113
f 1088 1113 1089
f 1089 1113 1114
f 1089 1114 1090
f 1090 1114 1115
f 1090 1115 1091
f 1091 1115 1116
f 1091 1116 1092
f 1092 1116 1117
f 1092 1117 1093
f 1093 1117 1118
f 1093 1118 1094
f 1094 1118 1119
f 1094 1119 1095
f 1095 1119 1120
f 1095 1120 1096
f 1096 1120 1121
f 1096 1121 1097
f 1097 1121 1122
f 1097 1122 1098
f 1098 1122 1123
f 1098 1123 1099
f 1099 1123 1124
f 1099 1124 1100
f 1100 1124 1125
f 1101 1126 1102
f 1102 1126 1127
f 1102 1127 1103
f 1103 1127 1128
f 1103 1128 1104
f 1104 1128 1129
f 1104 1129 1105
f 1105 1129 1130
f 1105 1130 1106
f 1106 1130 1131
f 1106 1131 1107
f 1107 1131 1132
f 1107 1132 1108
f 1108 1132 1133
f 1108 1133 1109
f 1109 1133 1134
f 1109 1134 1110
f 1110 1134 1135
f 1110 1135 1111
f 1111 1135 1136
f 1111 1136 1112
f 1112 1136 1137
f 1112 1137 1113
f 1113 1137 1138
f 1113 1138 1114
f 1114 1138 1139
f 1114 1139 1115
f 1115 1139 1140
f 1115 1140 1116
f 1116 1140 1141
f 1116 1141 1117
f 1117 1141 1142
f 1117 1142 1118
f 1118 1142 1143
f 1118 1143 1119
f 1119 1143 1144
f 1119 1144 1120
f 1120 1144 1145
f 1120 1145 1121
f 1121 1145 1146
f 1121 1146 1122
f 1122 1146 1147
f 1122 1147 1123
f 1123 1147 1148
f 1123 1148 1124
f 1124 1148 1149
f 1124 1149 1125
f 1125 1149 1150
f 1126 1151 1127
f 1127 1151 1152
f 1127 1152 1128
f 1128 1152 1153
f 1128 1153 1129
f 1129 1153 1154
f 1129 1154 1130
f 1130 1154 1155
f 1130 1155 1131
f 1131 1155 1156
f 1131 1156 1132
f 1132 1156 1157
f 1132 1157 1133
f 1133 1157 1158
f 1133 1158 1134
f 1134 1158 1159
f 1134 1159 1135
f 1135 1159 1160
f 1135 1160 1136
f 1136 1160 1161
f 1136 1161 1137
f 1137 1161 1162
f 1137 1162 1138
f 1138 1162 1163
f 1138 1163 1139
f 1139 1163 1164
f 1139 1164 1140
f 1140 1164 1165
f 1140 1165 1141
f 1141 1165 1166
f 1141 1166 1142
f 1142 1166 1167
f 1142 1167 1143
f 1143 1167 1168
f 1143 1168 1144
f 1144 1168 1169
f 1144 1169 1145
f 1145 1169 1170
f 1145 1170 1146
f 1146 1170 1171
f 1146 1171 1147
f 1147 1171 1172
f 1147 1172 1148
f 1148 1172 1173
f 1148 1173 1149
f 1149 1173 1174
f 1149 1174 1150
f 1150 1174 1175
f 1151 1176 1152
f 1152 1176 1177
f 1152 1177 1153
f 1153 1177 1178
f 1153 1178 1154
f 1154 1178 1179
f 1154 1179 1155
f 1155 1179 1180
f 1155 1180 1156
f 1156 1180 1181
f 1156 1181 1157
f 1157 1181 1182
f 1157 1182 1158
f 1158 1182 1183
f 1158 1183 1159
f 1159 1183 1184
f 1159 1184 1160
f 1160 1184 1185
f 1160 1185 1161
f 1161 1185 1186
f 1161 1186 1162
f 1162 1186 1187
f 1162 1187 1163
f 1163 1187 1188
f 1163 1188 1164
f 1164 1188 1189
f 1164 1189 1165
f 1165 1189 1190
f 1165 1190 1166
f 1166 1190 1191
f 1166 1191 1167
f 1167 1191 1192
f 1167 1192 1168
f 1168 1192 1193
f 1168 1193 1169
f 1169 1193 1194
f 1169 1194 1170
f 1170 1194 1195
f 1170 1195 1171
f 1171 1195 1196
f 1171 1196 1172
f 1172 1196 1197
f 1172 1197 1173
f 1173 1197 1198
f 1173 1198 1174
f 1174 1198 1199
f 1174 1199 1175
f 1175 1199 1200
f 1176 1201 1177
f 1177 1201 1202
f 1177 1202 1178
f 1178 1202 1203
f 1178 1203 1179
f 1179 1203 1204
f 1179 1204 1180
f 1180 1204 1205
f 1180 1205 1181
f 1181 1205 1206
f 1181 1206 1182
f 1182 1206 1207
f 1182 1207 1183
f 1183 1207 1208
f 1183 1208 1184
f 1184 1208 1209
f 1184 1209 1185
f 1185 1209 1210
f 1185 1210 1186
f 1186 1210 1211
f 1186 1211 1187
f 1187 1211 1212
f 1187 1212 1188
f 1188 1212 1213
f 1188 1213 1189
f 1189 1213 1214
f 1189 1214 1190
f 1190 1214 1215
f 1190 1215 1191
f 1191 1215 1216
f 1191 1216 1192
f 1192 1216 1217
f 1192 1217 1193
f 1193 1217 1218
f 1193 1218 1194
f 1194 1218 1219
f 1194 1219 1195
f 1195 1219 1220
f 1195 1220 1196
f 1196 1220 1221
f 1196 1221 1197
f 1197 1221 1222
f 1197 1222 1198
f 1198 1222 1223
f 1198 1223 1199
f 1199 1223 1224
f 1199 1224 1200
f 1200 1224 1225
f 1201 1226 1202
f 1202 1226 1227
f 1202 1227 1203
f 1203 1227 1228
f 1203 1228 1204
f 1204 1228 1229
f 1204 1229 1205
f 1205 1229 1230
f 1205 1230 1206
f 1206 1230 1231
f 1206 1231 1207
f 1207 1231 1232
f 1207 1232 1208
f 1208 1232 1233
f 1208 1233 1209
f 1209 1233 1234
f 1209 1234 1210
f 1210 1234 1235
f 1210 1235 1211
f 1211 1235 1236
f 1211 1236 1212
f 1212 1236 1237
f 1212 1237 1213
f 1213 1237 1238
f 1213 1238 1214
f 1214 1238 1239
f 1214 1239 1215
f 1215 1239 1240
f 1215 1240 1216
f 1216 1240 1241
f 1216 1241 1217
f 1217 1241 1242
f 1217 1242 1218
f 1218 1242 1243
f 1218 1243 1219
f 1219 1243 1244
f 1219 1244 1220
f 1220 1244 1245
f 1220 1245 1221
f 1221 1245 1246
f 1221 1246 1222
f 1222 1246 1247
f 1222 1247 1223
f 1223 1247 1248
f 1223 1248 1224
f 1224 1248 1249
f 1224 1249 1225
f 1225 1249 1250
f 1226 1251 1227
f 1227 1251 1252
f 1227 1252 1228
f 1228 1252 1253
f 1228 1253 1229
f 1229 1253 1254
f 1229 1254 1230
f 1230 1254 1255
f 1230 1255 1231
f 1231 1255 1256
f 1231 1256 1232
f 1232 1256 1257
f 1232 1257 1233
f 1233 1257 1258
f 1233 1258 1234
f 1234 1258 1259
f 1234 1259 1235
f 1235 1259 1260
f 1235 1260 1236
f 1236 1260 1261
f 1236 1261 1237
f 1237 1261 1262
f 1237 1262 1238
f 1238 1262 1263
f 1238 1263 1239
f 1239 1263 1264
f 1239 1264 1240
f 1240 1264 1265
f 1240 1265 1241
f 1241 1265 1266
f 1241 1266 1242
f 1242 1266 1267
f 1242 1267 1243
f 1243 1267 1268
f 1243 1268 1244
f 1244 1268 1269
f 1244 1269 1245
f 1245 1269 1270
f 1245 1270 1246
f 1246 1270 1271
f 1246 1271 1247
f 1247 1271 1272
f 1247 1272 1248
f 1248 1272 1273
f 1248 1273 1249
f 1249 1273 1274
f 1249 1274 1250
f 1250 1274 1275
o INT
v 0.0 -0.6000000000000001 0.0
v 0.0 -0.6000000000000001 0.0
v 0.0 -0.6000000000000001 0.0
v 0.0 -0.6000000000000001 0.0
v 0.0 -0.6000000000000001 0.0
v 0.0 -0.6000000000000001 0.0
v 0.0 -0.6000000000000001 0.0
v 0.0 -0.6000000000000001 0.0
v 0.0 -0.6000000000000001 0.0
v 0.0 -0.6000000000000001 0.0
v 0.0 -0.6000000000000001 0.0
v 0.0 -0.6000000000000001 0.0
v 0.0 -0.6000000000000001 0.0
v 0.0 -0.6000000000000001 0.0
v 0.0 -0.6000000000000001 0.0
v 0.0 -0.6000000000000001 0.0
v 0.0 -0.6000000000000001 0.0
v 0.0 -0.6000000000000001 0.0
v 0.0 -0.6000000000000001 0.0
v 0.0 -0.6000000000000001 0.0
v 0.0 -0.6000000000000001 0.0
v 0.0 -0.6000000000000001 0.0
v 0.0 -0.6000000000000001 0.0
v 0.0 -0.6000000000000001 0.0
v 0.0 -0.6000000000000001 0.0
v 0.0 -0.6000000000000001 0.0
v 0.0 -0.6000000000000001 0.0
v 0.0 -0.6000000000000001 0.0
v 0.0 -0.6000000000000001 0.0
v 0.0 -0.6000000000000001 0.0
v 0.0 -0.6000000000000001 0.0
v 0.0 -0.6000000000000001 0.0
v 0.0 -0.6000000000000001 0.0
v 0.0 -0.6000000000000001 0.0
v 0.0 -0.6000000000000001 0.0
v 0.0 -0.6000000000000001 0.0
v 0.0 -0.6000000000000001 0.0
v 0.0 -0.6000000000000001 0.0
v 0.0 -0.6000000000000001 0.0
v 0.0 -0.6000000000000001 0.0
v 0.0 -0.6000000000000001 0.0
v 0.0 -0.6000000000000001 0.0
v 0.0 -0.6000000000000001 0.0
v 0.0 -0.6000000000000001 0.0
v 0.0 -0.6000000000000001 0.0
v 0.0 -0.6000000000000001 0.0
v 0.0 -0.6000000000000001 0.0
v 0.0 -0.6000000000000001 0.0
v 0.0 -0.6000000000000001 0.0
v 0.30614674589207186 -0.6152240934977427 0.0
v 0.3035276180410083 -0.6152240934977427 0.039960169001851856
v 0.2957150484915089 -0.6152240934977427 0.0792366084330301
v 0.28284271247461906 -0.6152240934977427 0.117157287525381
v 0.26513085922847346 -0.6152240934977427 0.1530733729460359
v 0.24288254347276717 -0.6152240934977427 0.18637033051562735
v 0.21647844005847883 -0.6152240934977427 0.21647844005847877
v 0.18637033051562735 -0.6152240934977427 0.24288254347276717
v 0.15307337294603596 -0.6152240934977427 0.26513085922847346
v 0.11715728752538102 -0.6152240934977427 0.28284271247461906
v 0.0792366084330301 -0.6152240934977427 0.2957150484915089
v 0.0399601690018519 -0.6152240934977427 0.3035276180410083
v 1.8746081621305195e-17 -0.6152240934977427 0.30614674589207186
v -0.03996016900185179 -0.6152240934977427 0.30352761804100836
v -0.07923660843303014 -0.6152240934977427 0.2957150484915089
v -0.11715728752538097 -0.6152240934977427 0.28284271247461906
v -0.15307337294603585 -0.6152240934977427 0.26513085922847346
v -0.18637033051562735 -0.6152240934977427 0.24288254347276717
v -0.21647844005847877 -0.6152240934977427 0.21647844005847883
v -0.24288254347276717 -0.6152240934977427 0.1863703305156274
v -0.26513085922847346 -0.6152240934977427 0.1530733729460359
v -0.28284271247461906 -0.6152240934977427 0.11715728752538104
v -0.2957150484915089 -0.6152240934977427 0.07923660843303018
v -0.3035276180410083 -0.6152240934977427 0.039960169001851856
v -0.30614674589207186 -0.6152240934977427 3.749216324261039e-17
v -0.3035276180410083 -0.6152240934977427 -0.03996016900185191
v -0.2957150484915089 -0.6152240934977427 -0.07923660843302999
v -0.28284271247461906 -0.6152240934977427 -0.11715728752538097
v -0.26513085922847346 -0.6152240934977427 -0.15307337294603596
v -0.24288254347276725 -0.6152240934977427 -0.18637033051562724
v -0.21647844005847885 -0.6152240934977427 -0.21647844005847877
v -0.1863703305156274 -0.6152240934977427 -0.2428825434727671
v -0.15307337294603607 -0.6152240934977427 -0.26513085922847335
v -0.11715728752538118 -0.6152240934977427 -0.28284271247461895
v -0.07923660843303007 -0.6152240934977427 -0.2957150484915089
v -0.03996016900185187 -0.6152240934977427 -0.3035276180410083
v -5.623824486391559e-17 -0.6152240934977427 -0.30614674589207186
v 0.03996016900185176 -0.6152240934977427 -0.30352761804100836
v 0.07923660843302996 -0.6152240934977427 -0.2957150484915089
v 0.11715728752538107 -0.6152240934977427 -0.282842712474619
v 0.15307337294603596 -0.6152240934977427 -0.26513085922847346
v 0.1863703305156273 -0.6152240934977427 -0.24288254347276717
v 0.21647844005847877 -0.6152240934977427 -0.21647844005847885
v 0.2428825434727671 -0.6152240934977427 -0.1863703305156274
v 0.26513085922847335 -0.6152240934977427 -0.15307337294603607
v 0.28284271247461895 -0.6152240934977427 -0.1171572875253812
v 0.2957150484915089 -0.6152240934977427 -0.07923660843303008
v 0.3035276180410083 -0.6152240934977427 -0.03996016900185189
v 0.30614674589207186 -0.6152240934977427 -7.498432648522078e-17
v 0.565685424949238 -0.6585786437626905 0.0
v 0.5608459077199822 -0.6585786437626905 0.07383676451300579
v 0.5464101615137754 -0.6585786437626905 0.14641016151377545
v 0.5226251859505505 -0.6585786437626905 0.21647844005847877
v 0.4898979485566356 -0.6585786437626905 0.28284271247461895
v 0.44878842143754477 -0.6585786437626905 0.34436746766150356
v 0.4 -0.6585786437626905 0.3999999999999999
v 0.34436746766150356 -0.6585786437626905 0.44878842143754477
v 0.28284271247461906 -0.6585786437626905 0.4898979485566356
v 0.21647844005847883 -0.6585786437626905 0.5226251859505505
v 0.14641016151377545 -0.6585786437626905 0.5464101615137754
v 0.07383676451300587 -0.6585786437626905 0.5608459077199822
v 3.463824224941973e-17 -0.6585786437626905 0.565685424949238
v -0.07383676451300568 -0.6585786437626905 0.5608459077199823
v -0.1464101615137755 -0.6585786437626905 0.5464101615137754
v -0.21647844005847877 -0.6585786437626905 0.5226251859505505
v -0.28284271247461884 -0.6585786437626905 0.4898979485566356
v -0.34436746766150356 -0.6585786437626905 0.44878842143754477
v -0.3999999999999999 -0.6585786437626905 0.4
v -0.44878842143754477 -0.6585786437626905 0.3443674676615036
v -0.4898979485566356 -0.6585786437626905 0.28284271247461895
v -0.5226251859505505 -0.6585786437626905 0.21647844005847885
v -0.5464101615137754 -0.6585786437626905 0.1464101615137756
v -0.5608459077199822 -0.6585786437626905 0.07383676451300579
v -0.565685424949238 -0.6585786437626905 6.927648449883946e-17
v -0.5608459077199822 -0.6585786437626905 -0.0738367645130059
v -0.5464101615137755 -0.6585786437626905 -0.14641016151377523
v -0.5226251859505506 -0.6585786437626905 -0.21647844005847872
v -0.4898979485566356 -0.6585786437626905 -0.28284271247461906
v -0.44878842143754494 -0.6585786437626905 -0.34436746766150333
v -0.40000000000000013 -0.6585786437626905 -0.3999999999999999
v -0.3443674676615036 -0.6585786437626905 -0.44878842143754466
v -0.2828427124746193 -0.6585786437626905 -0.48989794855663543
v -0.21647844005847913 -0.6585786437626905 -0.5226251859505505
v -0.14641016151377537 -0.6585786437626905 -0.5464101615137754
v -0.07383676451300583 -0.6585786437626905 -0.5608459077199822
v -1.0391472674825919e-16 -0.6585786437626905 -0.565685424949238
v 0.07383676451300562 -0.6585786437626905 -0.5608459077199823
v 0.14641016151377517 -0.6585786437626905 -0.5464101615137755
v 0.2164784400584789 -0.6585786437626905 -0.5226251859505505
v 0.28284271247461906 -0.6585786437626905 -0.4898979485566356
v 0.34436746766150345 -0.6585786437626905 -0.44878842143754477
v 0.3999999999999999 -0.6585786437626905 -0.40000000000000013
v 0.44878842143754466 -0.6585786437626905 -0.3443674676615036
v 0.48989794855663543 -0.6585786437626905 -0.2828427124746193
v 0.5226251859505505 -0.6585786437626905 -0.21647844005847913
v 0.5464101615137754 -0.6585786437626905 -0.1464101615137754
v 0.5608459077199822 -0.6585786437626905 -0.07383676451300586
v 0.565685424949238 -0.6585786437626905 -1.3855296899767892e-16
v 0.7391036260090295 -0.7234633135269821 0.0
v 0.7327804920294028 -0.7234633135269821 0.09647238195899169
v 0.7139192806660183 -0.7234633135269821 0.1912940947154676
v 0.682842712474619 -0.7234633135269821 0.28284271247461906
v 0.6400825161530125 -0.7234633135269821 0.3695518130045147
v 0.5863703305156273 -0.7234633135269821 0.44993777955478376
v 0.5226251859505506 -0.7234633135269821 0.5226251859505505
v 0.44993777955478376 -0.7234633135269821 0.5863703305156273
v 0.3695518130045148 -0.7234633135269821 0.6400825161530124
v 0.28284271247461906 -0.7234633135269821 0.682842712474619
v 0.1912940947154676 -0.7234633135269821 0.7139192806660183
v 0.09647238195899178 -0.7234633135269821 0.7327804920294028
v 4.525704449150801e-17 -0.7234633135269821 0.7391036260090295
v -0.09647238195899155 -0.7234633135269821 0.7327804920294029
v -0.19129409471546768 -0.7234633135269821 0.7139192806660183
v -0.282842712474619 -0.7234633135269821 0.682842712474619
v -0.36955181300451456 -0.7234633135269821 0.6400825161530125
v -0.44993777955478376 -0.7234633135269821 0.5863703305156273
v -0.5226251859505505 -0.7234633135269821 0.5226251859505506
v -0.5863703305156273 -0.7234633135269821 0.4499377795547839
v -0.6400825161530125 -0.7234633135269821 0.3695518130045147
v -0.682842712474619 -0.7234633135269821 0.28284271247461906
v -0.7139192806660182 -0.7234633135269821 0.19129409471546782
v -0.7327804920294028 -0.7234633135269821 0.09647238195899169
v -0.7391036260090295 -0.7234633135269821 9.051408898301602e-17
v -0.7327804920294028 -0.7234633135269821 -0.09647238195899183
v -0.7139192806660184 -0.7234633135269821 -0.19129409471546732
v -0.6828427124746191 -0.7234633135269821 -0.28284271247461895
v -0.6400825161530124 -0.7234633135269821 -0.3695518130045148
v -0.5863703305156275 -0.7234633135269821 -0.4499377795547836
v -0.5226251859505507 -0.7234633135269821 -0.5226251859505505
v -0.4499377795547839 -0.7234633135269821 -0.5863703305156271
v -0.369551813004515 -0.7234633135269821 -0.6400825161530123
v -0.28284271247461945 -0.7234633135269821 -0.6828427124746188
v -0.19129409471546754 -0.7234633135269821 -0.7139192806660183
v -0.09647238195899172 -0.7234633135269821 -0.7327804920294028
v -1.3577113347452406e-16 -0.7234633135269821 -0.7391036260090295
v 0.09647238195899145 -0.7234633135269821 -0.7327804920294029
v 0.1912940947154673 -0.7234633135269821 -0.7139192806660184
v 0.2828427124746192 -0.7234633135269821 -0.6828427124746189
v 0.3695518130045148 -0.7234633135269821 -0.6400825161530124
v 0.44993777955478365 -0.7234633135269821 -0.5863703305156273
v 0.5226251859505505 -0.7234633135269821 -0.5226251859505507
v 0.5863703305156271 -0.7234633135269821 -0.4499377795547839
v 0.6400825161530123 -0.7234633135269821 -0.369551813004515
v 0.6828427124746188 -0.7234633135269821 -0.2828427124746195
v 0.7139192806660183 -0.7234633135269821 -0.19129409471546757
v 0.7327804920294028 -0.7234633135269821 -0.09647238195899177
v 0.7391036260090295 -0.7234633135269821 -1.8102817796603204e-16
v 0.8 -0.8 0.0
v 0.7931558890990483 -0.8 0.10442095377604127
v 0.7727406610312547 -0.8 0.2070552360820166
v 0.7391036260090295 -0.8 0.30614674589207186
v 0.692820323027551 -0.8 0.39999999999999997
v 0.6346826722329881 -0.8 0.4870091432069765
v 0.5656854249492381 -0.8 0.565685424949238
v 0.4870091432069765 -0.8 0.6346826722329881
v 0.40000000000000013 -0.8 0.6928203230275509
v 0.3061467458920719 -0.8 0.7391036260090295
v 0.2070552360820166 -0.8 0.7727406610312547
v 0.10442095377604138 -0.8 0.7931558890990483
v 4.898587196589413e-17 -0.8 0.8
v -0.1044209537760411 -0.8 0.7931558890990484
v -0.2070552360820167 -0.8 0.7727406610312547
v -0.3061467458920718 -0.8 0.7391036260090295
v -0.39999999999999986 -0.8 0.692820323027551
v -0.4870091432069765 -0.8 0.6346826722329881
v -0.565685424949238 -0.8 0.5656854249492381
v -0.6346826722329881 -0.8 0.48700914320697675
v -0.692820323027551 -0.8 0.39999999999999997
v -0.7391036260090295 -0.8 0.3061467458920719
v -0.7727406610312546 -0.8 0.2070552360820168
v -0.7931558890990483 -0.8 0.10442095377604127
v -0.8 -0.8 9.797174393178826e-17
v -0.7931558890990483 -0.8 -0.10442095377604142
v -0.7727406610312548 -0.8 -0.2070552360820163
v -0.7391036260090296 -0.8 -0.30614674589207175
v -0.6928203230275509 -0.8 -0.40000000000000013
v -0.6346826722329884 -0.8 -0.4870091432069763
v -0.5656854249492381 -0.8 -0.565685424949238
v -0.48700914320697675 -0.8 -0.634682672232988
v -0.40000000000000036 -0.8 -0.6928203230275507
v -0.3061467458920723 -0.8 -0.7391036260090292
v -0.2070552360820165 -0.8 -0.7727406610312547
v -0.10442095377604131 -0.8 -0.7931558890990483
v -1.4695761589768238e-16 -0.8 -0.8
v 0.10442095377604102 -0.8 -0.7931558890990484
v 0.20705523608201626 -0.8 -0.7727406610312548
v 0.306146745892072 -0.8 -0.7391036260090293
v 0.40000000000000013 -0.8 -0.6928203230275509
v 0.48700914320697647 -0.8 -0.6346826722329881
v 0.5656854249492379 -0.8 -0.5656854249492381
v 0.634682672232988 -0.8 -0.48700914320697675
v 0.6928203230275507 -0.8 -0.40000000000000036
v 0.7391036260090292 -0.8 -0.30614674589207236
v 0.7727406610312547 -0.8 -0.20705523608201656
v 0.7931558890990483 -0.8 -0.10442095377604135
v 0.8 -0.8 -1.9594348786357652e-16
v 0.7391036260090295 -0.876536686473018 0.0
v 0.7327804920294028 -0.876536686473018 0.09647238195899169
v 0.7139192806660183 -0.876536686473018 0.1912940947154676
v 0.682842712474619 -0.876536686473018 0.28284271247461906
v 0.6400825161530125 -0.876536686473018 0.3695518130045147
v 0.5863703305156273 -0.876536686473018 0.44993777955478376
v 0.5226251859505506 -0.876536686473018 0.5226251859505505
v 0.44993777955478376 -0.876536686473018 0.5863703305156273
v 0.3695518130045148 -0.876536686473018 0.6400825161530124
v 0.28284271247461906 -0.876536686473018 0.682842712474619
v 0.1912940947154676 -0.876536686473018 0.7139192806660183
v 0.09647238195899178 -0.876536686473018 0.7327804920294028
v 4.525704449150801e-17 -0.876536686473018 0.7391036260090295
v -0.09647238195899155 -0.876536686473018 0.7327804920294029
v -0.19129409471546768 -0.876536686473018 0.7139192806660183
v -0.282842712474619 -0.876536686473018 0.682842712474619
v -0.36955181300451456 -0.876536686473018 0.6400825161530125
v -0.44993777955478376 -0.876536686473018 0.5863703305156273
v -0.5226251859505505 -0.876536686473018 0.5226251859505506
v -0.5863703305156273 -0.876536686473018 0.4499377795547839
v -0.6400825161530125 -0.876536686473018 0.3695518130045147
v -0.682842712474619 -0.876536686473018 0.28284271247461906
v -0.7139192806660182 -0.876536686473018 0.19129409471546782
v -0.7327804920294028 -0.876536686473018 0.09647238195899169
v -0.7391036260090295 -0.876536686473018 9.051408898301602e-17
v -0.7327804920294028 -0.876536686473018 -0.09647238195899183
v -0.7139192806660184 -0.876536686473018 -0.19129409471546732
v -0.6828427124746191 -0.876536686473018 -0.28284271247461895
v -0.6400825161530124 -0.876536686473018 -0.3695518130045148
v -0.5863703305156275 -0.876536686473018 -0.4499377795547836
v -0.5226251859505507 -0.876536686473018 -0.5226251859505505
v -0.4499377795547839 -0.876536686473018 -0.5863703305156271
v -0.369551813004515 -0.876536686473018 -0.6400825161530123
v -0.28284271247461945 -0.876536686473018 -0.6828427124746188
v -0.19129409471546754 -0.876536686473018 -0.7139192806660183
v -0.09647238195899172 -0.876536686473018 -0.7327804920294028
v -1.3577113347452406e-16 -0.876536686473018 -0.7391036260090295
v 0.09647238195899145 -0.876536686473018 -0.7327804920294029
v 0.1912940947154673 -0.876536686473018 -0.7139192806660184
v 0.2828427124746192 -0.876536686473018 -0.6828427124746189
v 0.3695518130045148 -0.876536686473018 -0.6400825161530124
v 0.44993777955478365 -0.876536686473018 -0.5863703305156273
v 0.5226251859505505 -0.876536686473018 -0.5226251859505507
v 0.5863703305156271 -0.876536686473018 -0.4499377795547839
v 0.6400825161530123 -0.876536686473018 -0.369551813004515
v 0.6828427124746188 -0.876536686473018 -0.2828427124746195
v 0.7139192806660183 -0.876536686473018 -0.19129409471546757
v 0.7327804920294028 -0.876536686473018 -0.09647238195899177
v 0.7391036260090295 -0.876536686473018 -1.8102817796603204e-16
v 0.5656854249492381 -0.9414213562373095 0.0
v 0.5608459077199823 -0.9414213562373095 0.0738367645130058
v 0.5464101615137755 -0.9414213562373095 0.14641016151377548
v 0.5226251859505506 -0.9414213562373095 0.21647844005847883
v 0.4898979485566357 -0.9414213562373095 0.282842712474619
v 0.4487884214375448 -0.9414213562373095 0.3443674676615036
v 0.40000000000000013 -0.9414213562373095 0.4
v 0.3443674676615036 -0.9414213562373095 0.4487884214375448
v 0.28284271247461906 -0.9414213562373095 0.4898979485566357
v 0.21647844005847885 -0.9414213562373095 0.5226251859505506
v 0.14641016151377548 -0.9414213562373095 0.5464101615137755
v 0.07383676451300589 -0.9414213562373095 0.5608459077199823
v 3.463824224941974e-17 -0.9414213562373095 0.5656854249492381
v -0.07383676451300569 -0.9414213562373095 0.5608459077199824
v -0.14641016151377553 -0.9414213562373095 0.5464101615137755
v -0.21647844005847883 -0.9414213562373095 0.5226251859505506
v -0.2828427124746189 -0.9414213562373095 0.4898979485566357
v -0.3443674676615036 -0.9414213562373095 0.4487884214375448
v -0.4 -0.9414213562373095 0.40000000000000013
v -0.44878842143754477 -0.9414213562373095 0.3443674676615037
v -0.4898979485566357 -0.9414213562373095 0.282842712474619
v -0.5226251859505506 -0.9414213562373095 0.2164784400584789
v -0.5464101615137754 -0.9414213562373095 0.14641016151377562
v -0.5608459077199823 -0.9414213562373095 0.0738367645130058
v -0.5656854249492381 -0.9414213562373095 6.927648449883948e-17
v -0.5608459077199823 -0.9414213562373095 -0.07383676451300591
v -0.5464101615137756 -0.9414213562373095 -0.14641016151377526
v -0.5226251859505507 -0.9414213562373095 -0.21647844005847877
v -0.4898979485566357 -0.9414213562373095 -0.28284271247461906
v -0.44878842143754494 -0.9414213562373095 -0.3443674676615034
v -0.40000000000000013 -0.9414213562373095 -0.4
v -0.3443674676615037 -0.9414213562373095 -0.44878842143754477
v -0.2828427124746193 -0.9414213562373095 -0.4898979485566355
v -0.21647844005847913 -0.9414213562373095 -0.5226251859505505
v -0.1464101615137754 -0.9414213562373095 -0.5464101615137755
v -0.07383676451300585 -0.9414213562373095 -0.5608459077199823
v -1.0391472674825921e-16 -0.9414213562373095 -0.5656854249492381
v 0.07383676451300564 -0.9414213562373095 -0.5608459077199824
v 0.1464101615137752 -0.9414213562373095 -0.5464101615137756
v 0.21647844005847894 -0.9414213562373095 -0.5226251859505505
v 0.28284271247461906 -0.9414213562373095 -0.4898979485566357
v 0.3443674676615035 -0.9414213562373095 -0.4487884214375448
v 0.3999999999999999 -0.9414213562373095 -0.40000000000000013
v 0.44878842143754477 -0.9414213562373095 -0.3443674676615037
v 0.4898979485566355 -0.9414213562373095 -0.2828427124746193
v 0.5226251859505505 -0.9414213562373095 -0.21647844005847916
v 0.5464101615137755 -0.9414213562373095 -0.14641016151377542
v 0.5608459077199823 -0.9414213562373095 -0.07383676451300587
v 0.5656854249492381 -0.9414213562373095 -1.3855296899767897e-16
v 0.3061467458920719 -0.9847759065022574 0.0
v 0.3035276180410084 -0.9847759065022574 0.03996016900185187
v 0.295715048491509 -0.9847759065022574 0.07923660843303013
v 0.28284271247461906 -0.9847759065022574 0.11715728752538104
v 0.2651308592284735 -0.9847759065022574 0.15307337294603596
v 0.24288254347276725 -0.9847759065022574 0.18637033051562737
v 0.2164784400584789 -0.9847759065022574 0.21647844005847885
v 0.18637033051562737 -0.9847759065022574 0.24288254347276725
v 0.153073372946036 -0.9847759065022574 0.2651308592284735
v 0.11715728752538104 -0.9847759065022574 0.28284271247461906
v 0.07923660843303013 -0.9847759065022574 0.295715048491509
v 0.039960169001851904 -0.9847759065022574 0.3035276180410084
v 1.87460816213052e-17 -0.9847759065022574 0.3061467458920719
v -0.03996016900185181 -0.9847759065022574 0.3035276180410085
v -0.07923660843303015 -0.9847759065022574 0.295715048491509
v -0.11715728752538102 -0.9847759065022574 0.28284271247461906
v -0.1530733729460359 -0.9847759065022574 0.2651308592284735
v -0.18637033051562737 -0.9847759065022574 0.24288254347276725
v -0.21647844005847885 -0.9847759065022574 0.2164784400584789
v -0.2428825434727672 -0.9847759065022574 0.18637033051562746
v -0.2651308592284735 -0.9847759065022574 0.15307337294603596
v -0.28284271247461906 -0.9847759065022574 0.11715728752538107
v -0.295715048491509 -0.9847759065022574 0.07923660843303021
v -0.3035276180410084 -0.9847759065022574 0.03996016900185187
v -0.3061467458920719 -0.9847759065022574 3.74921632426104e-17
v -0.3035276180410084 -0.9847759065022574 -0.039960169001851925
v -0.29571504849150904 -0.9847759065022574 -0.07923660843303
v -0.2828427124746191 -0.9847759065022574 -0.117157287525381
v -0.2651308592284735 -0.9847759065022574 -0.153073372946036
v -0.24288254347276733 -0.9847759065022574 -0.1863703305156273
v -0.2164784400584789 -0.9847759065022574 -0.21647844005847885
v -0.18637033051562746 -0.9847759065022574 -0.24288254347276717
v -0.1530733729460361 -0.9847759065022574 -0.26513085922847346
v -0.1171572875253812 -0.9847759065022574 -0.28284271247461906
v -0.0792366084330301 -0.9847759065022574 -0.295715048491509
v -0.039960169001851883 -0.9847759065022574 -0.3035276180410084
v -5.623824486391559e-17 -0.9847759065022574 -0.3061467458920719
v 0.03996016900185177 -0.9847759065022574 -0.3035276180410085
v 0.07923660843302999 -0.9847759065022574 -0.29571504849150904
v 0.11715728752538111 -0.9847759065022574 -0.28284271247461906
v 0.153073372946036 -0.9847759065022574 -0.2651308592284735
v 0.18637033051562735 -0.9847759065022574 -0.24288254347276725
v 0.21647844005847883 -0.9847759065022574 -0.2164784400584789
v 0.24288254347276717 -0.9847759065022574 -0.18637033051562746
v 0.26513085922847346 -0.9847759065022574 -0.1530733729460361
v 0.28284271247461906 -0.9847759065022574 -0.11715728752538122
v 0.295715048491509 -0.9847759065022574 -0.0792366084330301
v 0.3035276180410084 -0.9847759065022574 -0.0399601690018519
v 0.3061467458920719 -0.9847759065022574 -7.49843264852208e-17
v 9.797174393178826e-17 -1.0 0.0
v 9.713358208100226e-17 -1.0 1.2787878680574267e-17
v 9.46334377102936e-17 -1.0 2.535695321145412e-17
v 9.051408898301602e-17 -1.0 3.749216324261039e-17
v 8.484601909799256e-17 -1.0 4.898587196589412e-17
v 7.772621030244176e-17 -1.0 5.964141883839187e-17
v 6.927648449883948e-17 -1.0 6.927648449883946e-17
v 5.964141883839187e-17 -1.0 7.772621030244176e-17
v 4.898587196589414e-17 -1.0 8.484601909799254e-17
v 3.7492163242610396e-17 -1.0 9.051408898301602e-17
v 2.535695321145412e-17 -1.0 9.46334377102936e-17
v 1.278787868057428e-17 -1.0 9.713358208100226e-17
v 5.9990391306474304e-33 -1.0 9.797174393178826e-17
v -1.2787878680574247e-17 -1.0 9.713358208100226e-17
v -2.535695321145413e-17 -1.0 9.46334377102936e-17
v -3.7492163242610384e-17 -1.0 9.051408898301602e-17
v -4.898587196589411e-17 -1.0 8.484601909799256e-17
v -5.964141883839187e-17 -1.0 7.772621030244176e-17
v -6.927648449883946e-17 -1.0 6.927648449883948e-17
v -7.772621030244175e-17 -1.0 5.96414188383919e-17
v -8.484601909799256e-17 -1.0 4.898587196589412e-17
v -9.051408898301602e-17 -1.0 3.74921632426104e-17
v -9.463343771029357e-17 -1.0 2.5356953211454145e-17
v -9.713358208100226e-17 -1.0 1.2787878680574267e-17
v -9.797174393178826e-17 -1.0 1.1998078261294861e-32
v -9.713358208100226e-17 -1.0 -1.2787878680574284e-17
v -9.46334377102936e-17 -1.0 -2.535695321145408e-17
v -9.051408898301605e-17 -1.0 -3.749216324261038e-17
v -8.484601909799254e-17 -1.0 -4.898587196589414e-17
v -7.772621030244179e-17 -1.0 -5.964141883839185e-17
v -6.927648449883948e-17 -1.0 -6.927648449883946e-17
v -5.96414188383919e-17 -1.0 -7.772621030244175e-17
v -4.898587196589417e-17 -1.0 -8.484601909799253e-17
v -3.7492163242610445e-17 -1.0 -9.051408898301601e-17
v -2.5356953211454105e-17 -1.0 -9.46334377102936e-17
v -1.2787878680574272e-17 -1.0 -9.713358208100226e-17
v -1.799711739194229e-32 -1.0 -9.797174393178826e-17
v 1.2787878680574235e-17 -1.0 -9.713358208100226e-17
v 2.5356953211454078e-17 -1.0 -9.46334377102936e-17
v 3.749216324261041e-17 -1.0 -9.051408898301602e-17
v 4.898587196589414e-17 -1.0 -8.484601909799254e-17
v 5.964141883839186e-17 -1.0 -7.772621030244176e-17
v 6.927648449883945e-17 -1.0 -6.927648449883948e-17
v 7.772621030244175e-17 -1.0 -5.96414188383919e-17
v 8.484601909799253e-17 -1.0 -4.898587196589417e-17
v 9.051408898301601e-17 -1.0 -3.749216324261045e-17
v 9.46334377102936e-17 -1.0 -2.535695321145411e-17
v 9.713358208100226e-17 -1.0 -1.2787878680574276e-17
v 9.797174393178826e-17 -1.0 -2.3996156522589722e-32
f 1276 1325 1277
f 1277 1325 1326
f 1277 1326 1278
f 1278 1326 1327
f 1278 1327 1279
f 1279 1327 1328
f 1279 1328 1280
f 1280 1328 1329
f 1280 1329 1281
f 1281 1329 1330
f 1281 1330 1282
f 1282 1330 1331
f 1282 1331 1283
f 1283 1331 1332
f 1283 1332 1284
f 1284 1332 1333
f 1284 1333 1285
f 1285 1333 1334
f 1285 1334 1286
f 1286 1334 1335
f 1286 1335 1287
f 1287 1335 1336
f 1287 1336 1288
f 1288 1336 1337
f 1288 1337 1289
f 1289 1337 1338
f 1289 1338 1290
f 1290 1338 1339
f 1290 1339 1291
f 1291 1339 1340
f 1291 1340 1292
f 1292 1340 1341
f 1292 1341 1293
f 1293 1341 1342
f 1293 1342 1294
f 1294 1342 1343
f 1294 1343 1295
f 1295 1343 1344
f 1295 1344 1296
f 1296 1344 1345
f 1296 1345 1297
f 1297 1345 1346
f 1297 1346 1298
f 1298 1346 1347
f 1298 1347 1299
f 1299 1347 1348
f 1299 1348 1300
f 1300 1348 1349
f 1300 1349 1301
f 1301 1349 1350
f 1301 1350 1302
f 1302 1350 1351
f 1302 1351 1303
f 1303 1351 1352
f 1303 1352 1304
f 1304 1352 1353
f 1304 1353 1305
f 1305 1353 1354
f 1305 1354 1306
f 1306 1354 1355
f 1306 1355 1307
f 1307 1355 1356
f 1307 1356 1308
f 1308 1356 1357
f 1308 1357 1309
f 1309 1357 1358
f 1309 1358 1310
f 1310 1358 1359
f 1310 1359 1311
f 1311 1359 1360
f 1311 1360 1312
f 1312 1360 1361
f 1312 1361 1313
f 1313 1361 1362
f 1313 1362 1314
f 1314 1362 1363
f 1314 1363 1315
f 1315 1363 1364
f 1315 1364 1316
f 1316 1364 1365
f 1316 1365 1317
f 1317 1365 1366
f 1317 1366 1318
f 1318 1366 1367
f 1318 1367 1319
f 1319 1367 1368
f 1319 1368 1320
f 1320 1368 1369
f 1320 1369 1321
f 1321 1369 1370
f 1321 1370 1322
f 1322 1370 1371
f 1322 1371 1323
f 1323 1371 1372
f 1323 1372 1324
f 1324 1372 1373
f 1325 1374 1326
f 1326 1374 1375
f 1326 1375 1327
f 1327 1375 1376
f 1327 1376 1328
f 1328 1376 1377
f 1328 1377 1329
f 1329 1377 1378
f 1329 1378 1330
f 1330 1378 1379
f 1330 1379 1331
f 1331 1379 1380
f 1331 1380 1332
f 1332 1380 1381
f 1332 1381 1333
f 1333 1381 1382
f 1333 1382 1334
f 1334 1382 1383
f 1334 1383 1335
f 1335 1383 1384
f 1335 1384 1336
f 1336 1384 1385
f 1336 1385 1337
f 1337 1385 1386
f 1337 1386 1338
f 1338 1386 1387
f 1338 1387 1339
f 1339 1387 1388
f 1339 1388 1340
f 1340 1388 1389
f 1340 1389 1341
f 1341 1389 1390
f 1341 1390 1342
f 1342 1390 1391
f 1342 1391 1343
f 1343 1391 1392
f 1343 1392 1344
f 1344 1392 1393
f 1344 1393 1345
f 1345 1393 1394
f 1345 1394 1346
f 1346 1394 1395
f 1346 1395 1347
f 1347 1395 1396
f 1347 1396 1348
f 1348 1396 1397
f 1348 1397 1349
f 1349 1397 1398
f 1349 1398 1350
f 1350 1398 1399
f 1350 1399 1351
f 1351 1399 1400
f 1351 1400 1352
f 1352 1400 1401
f 1352 1401 1353
f 1353 1401 1402
f 1353 1402 1354
f 1354 1402 1403
f 1354 1403 1355
f 1355 1403 1404
f 1355 1404 1356
f 1356 1404 1405
f 1356 1405 1357
f 1357 1405 1406
f 1357 1406 1358
f 1358 1406 1407
f 1358 1407 1359
f 1359 1407 1408
f 1359 1408 1360
f 1360 1408 1409
f 1360 1409 1361
f 1361 1409 1410
f 1361 1410 1362
f 1362 1410 1411
f 1362 1411 1363
f 1363 1411 1412
f 1363 1412 1364
f 1364 1412 1413
f 1364 1413 1365
f 1365 1413 1414
f 1365 1414 1366
f 1366 1414 1415
f 1366 1415 1367
f 1367 1415 1416
f 1367 1416 1368
f 1368 1416 1417
f 1368 1417 1369
f 1369 1417 1418
f 1369 1418 1370
f 1370 1418 1419
f 1370 1419 1371
f 1371 1419 1420
f 1371 1420 1372
f 1372 1420 1421
f 1372 1421 1373
f 1373 1421 1422
f 1374 1423 1375
f 1375 1423 1424
f 1375 1424 1376
f 1376 1424 1425
f 1376 1425 1377
f 1377 1425 1426
f 1377 1426 1378
f 1378 1426 1427
f 1378 1427 1379
f 1379 1427 1428
f 1379 1428 1380
f 1380 1428 1429
f 1380 1429 1381
f 1381 1429 1430
f 1381 1430 1382
f 1382 1430 1431
f 1382 1431 1383
f 1383 1431 1432
f 1383 1432 1384
f 1384 1432 1433
f 1384 1433 1385
f 1385 1433 1434
f 1385 1434 1386
f 1386 1434 1435
f 1386 1435 1387
f 1387 1435 1436
f 1387 1436 1388
f 1388 1436 1437
f 1388 1437 1389
f 1389 1437 1438
f 1389 1438 1390
f 1390 1438 1439
f 1390 1439 1391
f 1391 1439 1440
f 1391 1440 1392
f 1392 1440 1441
f 1392 1441 1393
f 1393 1441 1442
f 1393 1442 1394
f 1394 1442 1443
f 1394 1443 1395
f 1395 1443 1444
f 1395 1444 1396
f 1396 1444 1445
f 1396 1445 1397
f 1397 1445 1446
f 1397 1446 1398
f 1398 1446 1447
f 1398 1447 1399
f 1399 1447 1448
f 1399 1448 1400
f 1400 1448 1449
f 1400 1449 1401
f 1401 1449 1450
f 1401 1450 1402
f 1402 1450 1451
f 1402 1451 1403
f 1403 1451 1452
f 1403 1452 1404
f 1404 1452 1453
f 1404 1453 1405
f 1405 1453 1454
f 1405 1454 1406
f 1406 1454 1455
f 1406 1455 1407
f 1407 1455 1456
f 1407 1456 1408
f 1408 1456 1457
f 1408 1457 1409
f 1409 1457 1458
f 1409 1458 1410
f 1410 1458 1459
f 1410 1459 1411
f 1411 1459 1460
f 1411 1460 1412
f 1412 1460 1461
f 1412 1461 1413
f 1413 1461 1462
f 1413 1462 1414
f 1414 1462 1463
f 1414 1463 1415
f 1415 1463 1464
f 1415 1464 1416
f 1416 1464 1465
f 1416 1465 1417
f 1417 1465 1466
f 1417 1466 1418
f 1418 1466 1467
f 1418 1467 1419
f 1419 1467 1468
f 1419 1468 1420
f 1420 1468 1469
f 1420 1469 1421
f 1421 1469 1470
f 1421 1470 1422
f 1422 1470 1471
f 1423 1472 1424
f 1424 1472 1473
f 1424 1473 1425
f 1425 1473 1474
f 1425 1474 1426
f 1426 1474 1475
f 1426 1475 1427
f 1427 1475 1476
f 1427 1476 1428
f 1428 1476 1477
f 1428 1477 1429
f 1429 1477 1478
f 1429 1478 1430
f 1430 1478 1479
f 1430 1479 1431
f 1431 1479 1480
f 1431 1480 1432
f 1432 1480 1481
f 1432 1481 1433
f 1433 1481 1482
f 1433 1482 1434
f 1434 1482 1483
f 1434 1483 1435
f 1435 1483 1484
f 1435 1484 1436
f 1436 1484 1485
f 1436 1485 1437
f 1437 1485 1486
f 1437 1486 1438
f 1438 1486 1487
f 1438 1487 1439
f 1439 1487 1488
f 1439 1488 1440
f 1440 1488 1489
f 1440 1489 1441
f 1441 1489 1490
f 1441 1490 1442
f 1442 1490 1491
f 1442 1491 1443
f 1443 1491 1492
f 1443 1492 1444
f 1444 1492 1493
f 1444 1493 1445
f 1445 1493 1494
f 1445 1494 1446
f 1446 1494 1495
f 1446 1495 1447
f 1447 1495 1496
f 1447 1496 1448
f 1448 1496 1497
f 1448 1497 1449
f 1449 1497 1498
f 1449 1498 1450
f 1450 1498 1499
f 1450 1499 1451
f 1451 1499 1500
f 1451 1500 1452
f 1452 1500 1501
f 1452 1501 1453
f 1453 1501 1502
f 1453 1502 1454
f 1454 1502 1503
f 1454 1503 1455
f 1455 1503 1504
f 1455 1504 1456
f 1456 1504 1505
f 1456 1505 1457
f 1457 1505 1506
f 1457 1506 1458
f 1458 1506 1507
f 1458 1507 1459
f 1459 1507 1508
f 1459 1508 1460
f 1460 1508 1509
f 1460 1509 1461
f 1461 1509 1510
f 1461 1510 1462
f 1462 1510 1511
f 1462 1511 1463
f 1463 1511 1512
f 1463 1512 1464
f 1464 1512 1513
f 1464 1513 1465
f 1465 1513 1514
f 1465 1514 1466
f 1466 1514 1515
f 1466 1515 1467
f 1467 1515 1516
f 1467 1516 1468
f 1468 1516 1517
f 1468 1517 1469
f 1469 1517 1518
f 1469 1518 1470
f 1470 1518 1519
f 1470 1519 1471
f 1471 1519 1520
f 1472 1521 1473
f 1473 1521 1522
f 1473 1522 1474
f 1474 1522 1523
f 1474 1523 1475
f 1475 1523 1524
f 1475 1524 1476
f 1476 1524 1525
f 1476 1525 1477
f 1477 1525 1526
f 1477 1526 1478
f 1478 1526 1527
f 1478 1527 1479
f 1479 1527 1528
f 1479 1528 1480
f 1480 1528 1529
f 1480 1529 1481
f 1481 1529 1530
f 1481 1530 1482
f 1482 1530 1531
f 1482 1531 1483
f 1483 1531 1532
f 1483 1532 1484
f 1484 1532 1533
f 1484 1533 1485
f 1485 1533 1534
f 1485 1534 1486
f 1486 1534 1535
f 1486 1535 1487
f 1487 1535 1536
f 1487 1536 1488
f 1488 1536 1537
f 1488 1537 1489
f 1489 1537 1538
f 1489 1538 1490
f 1490 1538 1539
f 1490 1539 1491
f 1491 1539 1540
f 1491 1540 1492
f 1492 1540 1541
f 1492 1541 1493
f 1493 1541 1542
f 1493 1542 1494
f 1494 1542 1543
f 1494 1543 1495
f 1495 1543 1544
f 1495 1544 1496
f 1496 1544 1545
f 1496 1545 1497
f 1497 1545 1546
f 1497 1546 1498
f 1498 1546 1547
f 1498 1547 1499
f 1499 1547 1548
f 1499 1548 1500
f 1500 1548 1549
f 1500 1549 1501
f 1501 1549 1550
f 1501 1550 1502
f 1502 1550 1551
f 1502 1551 1503
f 1503 1551 1552
f 1503 1552 1504
f 1504 1552 1553
f 1504 1553 1505
f 1505 1553 1554
f 1505 1554 1506
f 1506 1554 1555
f 1506 1555 1507
f 1507 1555 1556
f 1507 1556 1508
f 1508 1556 1557
f 1508 1557 1509
f 1509 1557 1558
f 1509 1558 1510
f 1510 1558 1559
f 1510 1559 1511
f 1511 1559 1560
f 1511 1560 1512
f 1512 1560 1561
f 1512 1561 1513
f 1513 1561 1562
f 1513 1562 1514
f 1514 1562 1563
f 1514 1563 1515
f 1515 1563 1564
f 1515 1564 1516
f 1516 1564 1565
f 1516 1565 1517
f 1517 1565 1566
f 1517 1566 1518
f 1518 1566 1567
f 1518 1567 1519
f 1519 1567 1568
f 1519 1568 1520
f 1520 1568 1569
f 1521 1570 1522
f 1522 1570 1571
f 1522 1571 1523
f 1523 1571 1572
f 1523 1572 1524
f 1524 1572 1573
f 1524 1573 1525
f 1525 1573 1574
f 1525 1574 1526
f 1526 1574 1575
f 1526 1575 1527
f 1527 1575 1576
f 1527 1576 1528
f 1528 1576 1577
f 1528 1577 1529
f 1529 1577 1578
f 1529 1578 1530
f 1530 1578 1579
f 1530 1579 1531
f 1531 1579 1580
f 1531 1580 1532
f 1532 1580 1581
f 1532 1581 1533
f 1533 1581 1582
f 1533 1582 1534
f 1534 1582 1583
f 1534 1583 1535
f 1535 1583 1584
f 1535 1584 1536
f 1536 1584 1585
f 1536 1585 1537
f 1537 1585 1586
f 1537 1586 1538
f 1538 1586 1587
f 1538 1587 1539
f 1539 1587 1588
f 1539 1588 1540
f 1540 1588 1589
f 1540 1589 1541
f 1541 1589 1590
f 1541 1590 1542
f 1542 1590 1591
f 1542 1591 1543
f 1543 1591 1592
f 1543 1592 1544
f 1544 1592 1593
f 1544 1593 1545
f 1545 1593 1594
f 1545 1594 1546
f 1546 1594 1595
f 1546 1595 1547
f 1547 1595 1596
f 1547 1596 1548
f 1548 1596 1597
f 1548 1597 1549
f 1549 1597 1598
f 1549 1598 1550
f 1550 1598 1599
f 1550 1599 1551
f 1551 1599 1600
f 1551 1600 1552
f 1552 1600 1601
f 1552 1601 1553
f 1553 1601 1602
f 1553 1602 1554
f 1554 1602 1603
f 1554 1603 1555
f 1555 1603 1604
f 1555 1604 1556
f 1556 1604 1605
f 1556 1605 1557
f 1557 1605 1606
f 1557 1606 1558
f 1558 1606 1607
f 1558 1607 1559
f 1559 1607 1608
f 1559 1608 1560
f 1560 1608 1609
f 1560 1609 1561
f 1561 1609 1610
f 1561 1610 1562
f 1562 1610 1611
f 1562 1611 1563
f 1563 1611 1612
f 1563 1612 1564
f 1564 1612 1613
f 1564 1613 1565
f 1565 1613 1614
f 1565 1614 1566
f 1566 1614 1615
f 1566 1615 1567
f 1567 1615 1616
f 1567 1616 1568
f 1568 1616 1617
f 1568 1617 1569
f 1569 1617 1618
f 1570 1619 1571
f 1571 1619 1620
f 1571 1620 1572
f 1572 1620 1621
f 1572 1621 1573
f 1573 1621 1622
f 1573 1622 1574
f 1574 1622 1623
f 1574 1623 1575
f 1575 1623 1624
f 1575 1624 1576
f 1576 1624 1625
f 1576 1625 1577
f 1577 1625 1626
f 1577 1626 1578
f 1578 1626 1627
f 1578 1627 1579
f 1579 1627 1628
f 1579 1628 1580
f 1580 1628 1629
f 1580 1629 1581
f 1581 1629 1630
f 1581 1630 1582
f 1582 1630 1631
f 1582 1631 1583
f 1583 1631 1632
f 1583 1632 1584
f 1584 1632 1633
f 1584 1633 1585
f 1585 1633 1634
f 1585 1634 1586
f 1586 1634 1635
f 1586 1635 1587
f 1587 1635 1636
f 1587 1636 1588
f 1588 1636 1637
f 1588 1637 1589
f 1589 1637 1638
f 1589 1638 1590
f 1590 1638 1639
f 1590 1639 1591
f 1591 1639 1640
f 1591 1640 1592
f 1592 1640 1641
f 1592 1641 1593
f 1593 1641 1642
f 1593 1642 1594
f 1594 1642 1643
f 1594 1643 1595
f 1595 1643 1644
f 1595 1644 1596
f 1596 1644 1645
f 1596 1645 1597
f 1597 1645 1646
f 1597 1646 1598
f 1598 1646 1647
f 1598 1647 1599
f 1599 1647 1648
f 1599 1648 1600
f 1600 1648 1649
f 1600 1649 1601
f 1601 1649 1650
f 1601 1650 1602
f 1602 1650 1651
f 1602 1651 1603
f 1603 1651 1652
f 1603 1652 1604
f 1604 1652 1653
f 1604 1653 1605
f 1605 1653 1654
f 1605 1654 1606
f 1606 1654 1655
f 1606 1655 1607
f 1607 1655 1656
f 1607 1656 1608
f 1608 1656 1657
f 1608 1657 1609
f 1609 1657 1658
f 1609 1658 1610
f 1610 1658 1659
f 1610 1659 1611
f 1611 1659 1660
f 1611 1660 1612
f 1612 1660 1661
f 1612 1661 1613
f 1613 1661 1662
f 1613 1662 1614
f 1614 1662 1663
f 1614 1663 1615
f 1615 1663 1664
f 1615 1664 1616
f 1616 1664 1665
f 1616 1665 1617
f 1617 1665 1666
f 1617 1666 1618
f 1618 1666 1667
f 1619 1668 1620
f 1620 1668 1669
f 1620 1669 1621
f 1621 1669 1670
f 1621 1670 1622
f 1622 1670 1671
f 1622 1671 1623
f 1623 1671 1672
f 1623 1672 1624
f 1624 1672 1673
f 1624 1673 1625
f 1625 1673 1674
f 1625 1674 1626
f 1626 1674 1675
f 1626 1675 1627
f 1627 1675 1676
f 1627 1676 1628
f 1628 1676 1677
f 1628 1677 1629
f 1629 1677 1678
f 1629 1678 1630
f 1630 1678 1679
f 1630 1679 1631
f 1631 1679 1680
f 1631 1680 1632
f 1632 1680 1681
f 1632 1681 1633
f 1633 1681 1682
f 1633 1682 1634
f 1634 1682 1683
f 1634 1683 1635
f 1635 1683 1684
f 1635 1684 1636
f 1636 1684 1685
f 1636 1685 1637
f 1637 1685 1686
f 1637 1686 1638
f 1638 1686 1687
f 1638 1687 1639
f 1639 1687 1688
f 1639 1688 1640
f 1640 1688 1689
f 1640 1689 1641
f 1641 1689 1690
f 1641 1690 1642
f 1642 1690 1691
f 1642 1691 1643
f 1643 1691 1692
f 1643 1692 1644
f 1644 1692 1693
f 1644 1693 1645
f 1645 1693 1694
f 1645 1694 1646
f 1646 1694 1695
f 1646 1695 1647
f 1647 1695 1696
f 1647 1696 1648
f 1648 1696 1697
f 1648 1697 1649
f 1649 1697 1698
f 1649 1698 1650
f 1650 1698 1699
f 1650 1699 1651
f 1651 1699 1700
f 1651 1700 1652
f 1652 1700 1701
f 1652 1701 1653
f 1653 1701 1702
f 1653 1702 1654
f 1654 1702 1703
f 1654 1703 1655
f 1655 1703 1704
f 1655 1704 1656
f 1656 1704 1705
f 1656 1705 1657
f 1657 1705 1706
f 1657 1706 1658
f 1658 1706 1707
f 1658 1707 1659
f 1659 1707 1708
f 1659 1708 1660
f 1660 1708 1709
f 1660 1709 1661
f 1661 1709 1710
f 1661 1710 1662
f 1662 1710 1711
f 1662 1711 1663
f 1663 1711 1712
f 1663 1712 1664
f 1664 1712 1713
f 1664 1713 1665
f 1665 1713 1714
f 1665 1714 1666
f 1666 1714 1715
f 1666 1715 1667
f 1667 1715 1716
