# placeholder OBJ
o C1
v -0.291 0.6789999999999999 0.0
v -0.291 0.6789999999999999 0.0
v -0.291 0.6789999999999999 0.0
v -0.291 0.6789999999999999 0.0
v -0.291 0.6789999999999999 0.0
v -0.291 0.6789999999999999 0.0
v -0.291 0.6789999999999999 0.0
v -0.291 0.6789999999999999 0.0
v -0.291 0.6789999999999999 0.0
v -0.291 0.6789999999999999 0.0
v -0.291 0.6789999999999999 0.0
v -0.291 0.6789999999999999 0.0
v -0.291 0.6789999999999999 0.0
v -0.291 0.6789999999999999 0.0
v -0.291 0.6789999999999999 0.0
v -0.291 0.6789999999999999 0.0
v -0.291 0.6789999999999999 0.0
v -0.291 0.6789999999999999 0.0
v -0.291 0.6789999999999999 0.0
v -0.291 0.6789999999999999 0.0
v -0.291 0.6789999999999999 0.0
v -0.291 0.6789999999999999 0.0
v -0.291 0.6789999999999999 0.0
v -0.291 0.6789999999999999 0.0
v -0.291 0.6789999999999999 0.0
v -0.06391486517322671 0.6659532053937934 0.0
v -0.07165260350448455 0.6659532053937934 0.04408046831463198
v -0.09433850441819996 0.6659532053937934 0.08515692556003997
v -0.13042656125732718 0.6659532053937934 0.1204300790570046
v -0.1774574325866133 0.6659532053937934 0.14749612168635
v -0.23222604224715734 0.6659532053937934 0.1645105473716366
v -0.291 0.6659532053937934 0.17031385112007996
v -0.3497739577528426 0.6659532053937934 0.1645105473716366
v -0.4045425674133865 0.6659532053937934 0.14749612168635
v -0.45157343874267275 0.6659532053937934 0.12043007905700462
v -0.48766149558180005 0.6659532053937934 0.08515692556003997
v -0.5103473964955154 0.6659532053937934 0.044080468314632026
v -0.5180851348267732 0.6659532053937934 2.085743126246648e-17
v -0.5103473964955154 0.6659532053937934 -0.04408046831463191
v -0.48766149558180005 0.6659532053937934 -0.08515692556004001
v -0.45157343874267286 0.6659532053937934 -0.1204300790570046
v -0.4045425674133867 0.6659532053937934 -0.14749612168634996
v -0.3497739577528426 0.6659532053937934 -0.1645105473716366
v -0.29100000000000004 0.6659532053937934 -0.17031385112007996
v -0.23222604224715745 0.6659532053937934 -0.16451054737163662
v -0.1774574325866133 0.6659532053937934 -0.14749612168635
v -0.13042656125732724 0.6659532053937934 -0.12043007905700463
v -0.09433850441820003 0.6659532053937934 -0.08515692556004005
v -0.07165260350448455 0.6659532053937934 -0.04408046831463197
v -0.06391486517322671 0.6659532053937934 -4.171486252493296e-17
v 0.1544435152729645 0.6273142025751636 0.0
v 0.13926539555514542 0.6273142025751636 0.0864669489525441
v 0.09476540017742884 0.6273142025751636 0.16704131822736168
v 0.02397613028508665 0.6273142025751636 0.23623209771381495
v -0.06827824236351766 0.6273142025751636 0.28932405013307166
v -0.1757107347299412 0.6273142025751636 0.32269904666635907
v -0.2909999999999999 0.6273142025751636 0.3340826364547234
v -0.4062892652700588 0.6273142025751636 0.32269904666635907
v -0.5137217576364822 0.6273142025751636 0.28932405013307166
v -0.6059761302850866 0.6273142025751636 0.236232097713815
v -0.6767654001774287 0.6273142025751636 0.16704131822736168
v -0.7212653955551453 0.6273142025751636 0.08646694895254418
v -0.7364435152729645 0.6273142025751636 4.091332313849859e-17
v -0.7212653955551455 0.6273142025751636 -0.08646694895254396
v -0.6767654001774287 0.6273142025751636 -0.16704131822736173
v -0.6059761302850867 0.6273142025751636 -0.23623209771381495
v -0.5137217576364824 0.6273142025751636 -0.28932405013307155
v -0.40628926527005876 0.6273142025751636 -0.32269904666635907
v -0.2910000000000001 0.6273142025751636 -0.3340826364547234
v -0.17571073472994142 0.6273142025751636 -0.3226990466663591
v -0.06827824236351766 0.6273142025751636 -0.28932405013307166
v 0.023976130285086595 0.6273142025751636 -0.23623209771381506
v 0.09476540017742872 0.6273142025751636 -0.16704131822736182
v 0.13926539555514542 0.6273142025751636 -0.08646694895254407
v 0.1544435152729645 0.6273142025751636 -8.182664627699718e-17
v 0.35568375123481694 0.5645678667534282 0.0
v 0.3336485367592048 0.5645678667534282 0.1255305532334335
v 0.2690445567839678 0.5645678667534282 0.2425064067130563
v 0.16627446578129343 0.5645678667534282 0.34295584933597
v 0.03234187561740853 0.5645678667534282 0.42003341758797585
v -0.12362592902208862 0.5645678667534282 0.46848640256940366
v -0.2909999999999999 0.5645678667534282 0.4850128134261127
v -0.45837407097791144 0.5645678667534282 0.46848640256940366
v -0.6143418756174083 0.5645678667534282 0.4200334175879759
v -0.7482744657812934 0.5645678667534282 0.34295584933597006
v -0.8510445567839678 0.5645678667534282 0.2425064067130563
v -0.9156485367592048 0.5645678667534282 0.12553055323343368
v -0.937683751234817 0.5645678667534282 5.939693895077413e-17
v -0.9156485367592048 0.5645678667534282 -0.12553055323343335
v -0.8510445567839678 0.5645678667534282 -0.2425064067130564
v -0.7482744657812934 0.5645678667534282 -0.34295584933597
v -0.6143418756174087 0.5645678667534282 -0.4200334175879757
v -0.4583740709779113 0.5645678667534282 -0.46848640256940366
v -0.2910000000000001 0.5645678667534282 -0.4850128134261127
v -0.1236259290220889 0.5645678667534282 -0.46848640256940366
v 0.03234187561740853 0.5645678667534282 -0.42003341758797585
v 0.16627446578129326 0.5645678667534282 -0.3429558493359701
v 0.2690445567839676 0.5645678667534282 -0.24250640671305657
v 0.3336485367592048 0.5645678667534282 -0.1255305532334335
v 0.35568375123481694 0.5645678667534282 -1.1879387790154827e-16
v 0.5320722933011411 0.48012550442566576 0.0
v 0.5040267850025434 0.48012550442566576 0.15977008875190746
v 0.4218015151499047 0.48012550442566576 0.3086521099879279
v 0.291 0.48012550442566576 0.4364999999999999
v 0.12053614665057066 0.48012550442566576 0.5346011363624287
v -0.07797321499745674 0.48012550442566576 0.5962700887519075
v -0.2909999999999999 0.48012550442566576 0.6173042199758559
v -0.5040267850025434 0.48012550442566576 0.5962700887519075
v -0.7025361466505704 0.48012550442566576 0.5346011363624287
v -0.8729999999999999 0.48012550442566576 0.4365
v -1.0038015151499047 0.48012550442566576 0.3086521099879279
v -1.086026785002543 0.48012550442566576 0.1597700887519076
v -1.1140722933011413 0.48012550442566576 7.559796370935855e-17
v -1.0860267850025433 0.48012550442566576 -0.1597700887519072
v -1.0038015151499047 0.48012550442566576 -0.308652109987928
v -0.8730000000000001 0.48012550442566576 -0.4364999999999999
v -0.702536146650571 0.48012550442566576 -0.5346011363624285
v -0.5040267850025432 0.48012550442566576 -0.5962700887519075
v -0.29100000000000015 0.48012550442566576 -0.6173042199758559
v -0.07797321499745712 0.48012550442566576 -0.5962700887519076
v 0.12053614665057066 0.48012550442566576 -0.5346011363624287
v 0.29099999999999976 0.48012550442566576 -0.4365000000000001
v 0.42180151514990455 0.48012550442566576 -0.30865210998792825
v 0.5040267850025434 0.48012550442566576 -0.1597700887519074
v 0.5320722933011411 0.48012550442566576 -1.511959274187171e-16
v 0.6768306287201625 0.3772321882203099 0.0
v 0.6438525997543916 0.3772321882203099 0.1878697493597436
v 0.5471659110323259 0.3772321882203099 0.362936485770061
v 0.3933596006080668 0.3772321882203099 0.51326970045605
v 0.1929153143600814 0.3772321882203099 0.6286244332742444
v -0.0405070008536752 0.3772321882203099 0.7011394498157937
v -0.2909999999999999 0.3772321882203099 0.725872971540122
v -0.5414929991463249 0.3772321882203099 0.7011394498157937
v -0.7749153143600811 0.3772321882203099 0.6286244332742444
v -0.9753596006080666 0.3772321882203099 0.5132697004560501
v -1.1291659110323258 0.3772321882203099 0.362936485770061
v -1.2258525997543914 0.3772321882203099 0.1878697493597438
v -1.2588306287201627 0.3772321882203099 8.889380111841882e-17
v -1.2258525997543916 0.3772321882203099 -0.1878697493597433
v -1.1291659110323258 0.3772321882203099 -0.3629364857700611
v -0.9753596006080668 0.3772321882203099 -0.51326970045605
v -0.7749153143600818 0.3772321882203099 -0.6286244332742443
v -0.5414929991463246 0.3772321882203099 -0.7011394498157937
v -0.29100000000000015 0.3772321882203099 -0.725872971540122
v -0.04050700085367564 0.3772321882203099 -0.7011394498157938
v 0.1929153143600814 0.3772321882203099 -0.6286244332742444
v 0.3933596006080666 0.3772321882203099 -0.5132697004560502
v 0.5471659110323257 0.3772321882203099 -0.3629364857700613
v 0.6438525997543916 0.3772321882203099 -0.18786974935974354
v 0.6768306287201625 0.3772321882203099 -1.7778760223683764e-16
v 0.7843957758431377 0.25984205057589593 0.0
v 0.7477525533690563 0.25984205057589593 0.20874968085825402
v 0.6403200610026332 0.25984205057589593 0.4032734159411766
v 0.46941964555805116 0.25984205057589593 0.5703147341685383
v 0.24669788792156902 0.25984205057589593 0.6984900457519747
v -0.012667092188994658 0.25984205057589593 0.7790644150267925
v -0.2909999999999999 0.25984205057589593 0.8065468318823533
v -0.5693329078110054 0.25984205057589593 0.7790644150267925
v -0.8286978879215686 0.25984205057589593 0.6984900457519748
v -1.051419645558051 0.25984205057589593 0.5703147341685384
v -1.222320061002633 0.25984205057589593 0.4032734159411766
v -1.3297525533690564 0.25984205057589593 0.20874968085825424
v -1.3663957758431378 0.25984205057589593 9.877349960271622e-17
v -1.3297525533690566 0.25984205057589593 -0.2087496808582537
v -1.222320061002633 0.25984205057589593 -0.40327341594117677
v -1.0514196455580511 0.25984205057589593 -0.5703147341685383
v -0.8286978879215693 0.25984205057589593 -0.6984900457519745
v -0.5693329078110052 0.25984205057589593 -0.7790644150267925
v -0.2910000000000002 0.25984205057589593 -0.8065468318823533
v -0.012667092188995088 0.25984205057589593 -0.7790644150267926
v 0.24669788792156902 0.25984205057589593 -0.6984900457519747
v 0.4694196455580508 0.25984205057589593 -0.5703147341685385
v 0.6403200610026327 0.25984205057589593 -0.403273415941177
v 0.7477525533690563 0.25984205057589593 -0.208749680858254
v 0.7843957758431377 0.25984205057589593 -1.9754699920543245e-16
v 0.8506340663893601 0.1324663286489511 0.0
v 0.8117338288968916 0.1324663286489511 0.2216074791895515
v 0.6976841033189163 0.1324663286489511 0.42811277489601
v 0.5162571899774899 0.1324663286489511 0.6054428924831173
v 0.2798170331946802 0.1324663286489511 0.7415130774891872
v 0.004476638919401995 0.1324663286489511 0.8270503716726688
v -0.2909999999999999 0.1324663286489511 0.8562255497920201
v -0.586476638919402 0.1324663286489511 0.8270503716726688
v -0.8618170331946798 0.1324663286489511 0.7415130774891873
v -1.0982571899774896 0.1324663286489511 0.6054428924831174
v -1.2796841033189164 0.1324663286489511 0.42811277489601
v -1.3937338288968917 0.1324663286489511 0.22160747918955173
v -1.4326340663893602 0.1324663286489511 1.0485738789009802e-16
v -1.393733828896892 0.1324663286489511 -0.22160747918955115
v -1.2796841033189161 0.1324663286489511 -0.4281127748960102
v -1.09825718997749 0.1324663286489511 -0.6054428924831173
v -0.8618170331946806 0.1324663286489511 -0.7415130774891869
v -0.5864766389194018 0.1324663286489511 -0.8270503716726688
v -0.2910000000000002 0.1324663286489511 -0.8562255497920201
v 0.004476638919401457 0.1324663286489511 -0.8270503716726689
v 0.2798170331946802 0.1324663286489511 -0.7415130774891872
v 0.5162571899774895 0.1324663286489511 -0.6054428924831176
v 0.6976841033189158 0.1324663286489511 -0.42811277489601046
v 0.8117338288968916 0.1324663286489511 -0.22160747918955145
v 0.8506340663893601 0.1324663286489511 -2.0971477578019605e-16
v 0.8729999999999999 4.1576758831052636e-17 0.0
v 0.8333376618004755 4.1576758831052636e-17 0.2259490263745006
v 0.7170535700050866 4.1576758831052636e-17 0.43649999999999994
v 0.5320722933011414 4.1576758831052636e-17 0.6173042199758559
v 0.2910000000000001 4.1576758831052636e-17 0.7560401775038149
v 0.01026536849933415 4.1576758831052636e-17 0.8432532463503567
v -0.2909999999999999 4.1576758831052636e-17 0.873
v -0.5922653684993342 4.1576758831052636e-17 0.8432532463503567
v -0.8729999999999997 4.1576758831052636e-17 0.756040177503815
v -1.1140722933011413 4.1576758831052636e-17 0.617304219975856
v -1.2990535700050867 4.1576758831052636e-17 0.43649999999999994
v -1.4153376618004754 4.1576758831052636e-17 0.22594902637450084
v -1.455 4.1576758831052636e-17 1.0691166556556393e-16
v -1.4153376618004756 4.1576758831052636e-17 -0.2259490263745003
v -1.2990535700050865 4.1576758831052636e-17 -0.4365000000000001
v -1.1140722933011413 4.1576758831052636e-17 -0.6173042199758559
v -0.8730000000000006 4.1576758831052636e-17 -0.7560401775038147
v -0.592265368499334 4.1576758831052636e-17 -0.8432532463503567
v -0.2910000000000002 4.1576758831052636e-17 -0.873
v 0.010265368499333613 4.1576758831052636e-17 -0.8432532463503567
v 0.2910000000000001 4.1576758831052636e-17 -0.7560401775038149
v 0.5320722933011411 4.1576758831052636e-17 -0.6173042199758562
v 0.7170535700050862 4.1576758831052636e-17 -0.4365000000000004
v 0.8333376618004755 4.1576758831052636e-17 -0.22594902637450054
v 0.8729999999999999 4.1576758831052636e-17 -2.1382333113112786e-16
v 0.8506340663893601 -0.13246632864895103 0.0
v 0.8117338288968916 -0.13246632864895103 0.2216074791895515
v 0.6976841033189163 -0.13246632864895103 0.42811277489601
v 0.5162571899774899 -0.13246632864895103 0.6054428924831173
v 0.2798170331946802 -0.13246632864895103 0.7415130774891872
v 0.004476638919401995 -0.13246632864895103 0.8270503716726688
v -0.2909999999999999 -0.13246632864895103 0.8562255497920201
v -0.586476638919402 -0.13246632864895103 0.8270503716726688
v -0.8618170331946798 -0.13246632864895103 0.7415130774891873
v -1.0982571899774896 -0.13246632864895103 0.6054428924831174
v -1.2796841033189164 -0.13246632864895103 0.42811277489601
v -1.3937338288968917 -0.13246632864895103 0.22160747918955173
v -1.4326340663893602 -0.13246632864895103 1.0485738789009802e-16
v -1.393733828896892 -0.13246632864895103 -0.22160747918955115
v -1.2796841033189161 -0.13246632864895103 -0.4281127748960102
v -1.09825718997749 -0.13246632864895103 -0.6054428924831173
v -0.8618170331946806 -0.13246632864895103 -0.7415130774891869
v -0.5864766389194018 -0.13246632864895103 -0.8270503716726688
v -0.2910000000000002 -0.13246632864895103 -0.8562255497920201
v 0.004476638919401457 -0.13246632864895103 -0.8270503716726689
v 0.2798170331946802 -0.13246632864895103 -0.7415130774891872
v 0.5162571899774895 -0.13246632864895103 -0.6054428924831176
v 0.6976841033189158 -0.13246632864895103 -0.42811277489601046
v 0.8117338288968916 -0.13246632864895103 -0.22160747918955145
v 0.8506340663893601 -0.13246632864895103 -2.0971477578019605e-16
v 0.7843957758431377 -0.2598420505758959 0.0
v 0.7477525533690563 -0.2598420505758959 0.20874968085825402
v 0.6403200610026332 -0.2598420505758959 0.4032734159411766
v 0.46941964555805116 -0.2598420505758959 0.5703147341685383
v 0.24669788792156902 -0.2598420505758959 0.6984900457519747
v -0.012667092188994658 -0.2598420505758959 0.7790644150267925
v -0.2909999999999999 -0.2598420505758959 0.8065468318823533
v -0.5693329078110054 -0.2598420505758959 0.7790644150267925
v -0.8286978879215686 -0.2598420505758959 0.6984900457519748
v -1.051419645558051 -0.2598420505758959 0.5703147341685384
v -1.222320061002633 -0.2598420505758959 0.4032734159411766
v -1.3297525533690564 -0.2598420505758959 0.20874968085825424
v -1.3663957758431378 -0.2598420505758959 9.877349960271622e-17
v -1.3297525533690566 -0.2598420505758959 -0.2087496808582537
v -1.222320061002633 -0.2598420505758959 -0.40327341594117677
v -1.0514196455580511 -0.2598420505758959 -0.5703147341685383
v -0.8286978879215693 -0.2598420505758959 -0.6984900457519745
v -0.5693329078110052 -0.2598420505758959 -0.7790644150267925
v -0.2910000000000002 -0.2598420505758959 -0.8065468318823533
v -0.012667092188995088 -0.2598420505758959 -0.7790644150267926
v 0.24669788792156902 -0.2598420505758959 -0.6984900457519747
v 0.4694196455580508 -0.2598420505758959 -0.5703147341685385
v 0.6403200610026327 -0.2598420505758959 -0.403273415941177
v 0.7477525533690563 -0.2598420505758959 -0.208749680858254
v 0.7843957758431377 -0.2598420505758959 -1.9754699920543245e-16
v 0.6768306287201628 -0.3772321882203097 0.0
v 0.6438525997543918 -0.3772321882203097 0.18786974935974365
v 0.5471659110323261 -0.3772321882203097 0.36293648577006105
v 0.3933596006080669 -0.3772321882203097 0.5132697004560501
v 0.19291531436008158 -0.3772321882203097 0.6286244332742446
v -0.04050700085367515 -0.3772321882203097 0.7011394498157939
v -0.2909999999999999 -0.3772321882203097 0.7258729715401222
v -0.5414929991463249 -0.3772321882203097 0.7011394498157939
v -0.7749153143600812 -0.3772321882203097 0.6286244332742447
v -0.9753596006080668 -0.3772321882203097 0.5132697004560502
v -1.1291659110323262 -0.3772321882203097 0.36293648577006105
v -1.2258525997543916 -0.3772321882203097 0.18786974935974385
v -1.258830628720163 -0.3772321882203097 8.889380111841885e-17
v -1.2258525997543919 -0.3772321882203097 -0.18786974935974335
v -1.129165911032326 -0.3772321882203097 -0.3629364857700612
v -0.975359600608067 -0.3772321882203097 -0.5132697004560501
v -0.7749153143600819 -0.3772321882203097 -0.6286244332742444
v -0.5414929991463246 -0.3772321882203097 -0.7011394498157939
v -0.29100000000000015 -0.3772321882203097 -0.7258729715401222
v -0.04050700085367558 -0.3772321882203097 -0.7011394498157939
v 0.19291531436008158 -0.3772321882203097 -0.6286244332742446
v 0.3933596006080668 -0.3772321882203097 -0.5132697004560504
v 0.5471659110323259 -0.3772321882203097 -0.36293648577006143
v 0.6438525997543918 -0.3772321882203097 -0.1878697493597436
v 0.6768306287201628 -0.3772321882203097 -1.777876022368377e-16
v 0.5320722933011414 -0.48012550442566565 0.0
v 0.5040267850025434 -0.48012550442566565 0.15977008875190749
v 0.4218015151499048 -0.48012550442566565 0.30865210998792797
v 0.2910000000000001 -0.48012550442566565 0.4365
v 0.12053614665057077 -0.48012550442566565 0.5346011363624287
v -0.07797321499745671 -0.48012550442566565 0.5962700887519076
v -0.2909999999999999 -0.48012550442566565 0.617304219975856
v -0.5040267850025434 -0.48012550442566565 0.5962700887519076
v -0.7025361466505705 -0.48012550442566565 0.5346011363624287
v -0.8729999999999999 -0.48012550442566565 0.4365000000000001
v -1.003801515149905 -0.48012550442566565 0.30865210998792797
v -1.0860267850025431 -0.48012550442566565 0.15977008875190762
v -1.1140722933011413 -0.48012550442566565 7.559796370935857e-17
v -1.0860267850025433 -0.48012550442566565 -0.15977008875190724
v -1.003801515149905 -0.48012550442566565 -0.3086521099879281
v -0.8730000000000001 -0.48012550442566565 -0.4365
v -0.7025361466505711 -0.48012550442566565 -0.5346011363624286
v -0.5040267850025432 -0.48012550442566565 -0.5962700887519076
v -0.29100000000000015 -0.48012550442566565 -0.617304219975856
v -0.07797321499745709 -0.48012550442566565 -0.5962700887519077
v 0.12053614665057077 -0.48012550442566565 -0.5346011363624287
v 0.29099999999999987 -0.48012550442566565 -0.4365000000000001
v 0.42180151514990466 -0.48012550442566565 -0.3086521099879283
v 0.5040267850025434 -0.48012550442566565 -0.15977008875190743
v 0.5320722933011414 -0.48012550442566565 -1.5119592741871714e-16
v 0.35568375123481694 -0.5645678667534282 0.0
v 0.3336485367592048 -0.5645678667534282 0.1255305532334335
v 0.2690445567839678 -0.5645678667534282 0.2425064067130563
v 0.16627446578129343 -0.5645678667534282 0.34295584933597
v 0.03234187561740853 -0.5645678667534282 0.42003341758797585
v -0.12362592902208862 -0.5645678667534282 0.46848640256940366
v -0.2909999999999999 -0.5645678667534282 0.4850128134261127
v -0.45837407097791144 -0.5645678667534282 0.46848640256940366
v -0.6143418756174083 -0.5645678667534282 0.4200334175879759
v -0.7482744657812934 -0.5645678667534282 0.34295584933597006
v -0.8510445567839678 -0.5645678667534282 0.2425064067130563
v -0.9156485367592048 -0.5645678667534282 0.12553055323343368
v -0.937683751234817 -0.5645678667534282 5.939693895077413e-17
v -0.9156485367592048 -0.5645678667534282 -0.12553055323343335
v -0.8510445567839678 -0.5645678667534282 -0.2425064067130564
v -0.7482744657812934 -0.5645678667534282 -0.34295584933597
v -0.6143418756174087 -0.5645678667534282 -0.4200334175879757
v -0.4583740709779113 -0.5645678667534282 -0.46848640256940366
v -0.2910000000000001 -0.5645678667534282 -0.4850128134261127
v -0.1236259290220889 -0.5645678667534282 -0.46848640256940366
v 0.03234187561740853 -0.5645678667534282 -0.42003341758797585
v 0.16627446578129326 -0.5645678667534282 -0.3429558493359701
v 0.2690445567839676 -0.5645678667534282 -0.24250640671305657
v 0.3336485367592048 -0.5645678667534282 -0.1255305532334335
v 0.35568375123481694 -0.5645678667534282 -1.1879387790154827e-16
v 0.15444351527296465 -0.6273142025751636 0.0
v 0.13926539555514558 -0.6273142025751636 0.08646694895254411
v 0.094765400177429 -0.6273142025751636 0.1670413182273617
v 0.02397613028508681 -0.6273142025751636 0.23623209771381506
v -0.06827824236351762 -0.6273142025751636 0.2893240501330717
v -0.17571073472994117 -0.6273142025751636 0.3226990466663592
v -0.2909999999999999 -0.6273142025751636 0.33408263645472347
v -0.4062892652700589 -0.6273142025751636 0.3226990466663592
v -0.5137217576364822 -0.6273142025751636 0.2893240501330718
v -0.6059761302850867 -0.6273142025751636 0.2362320977138151
v -0.6767654001774289 -0.6273142025751636 0.1670413182273617
v -0.7212653955551456 -0.6273142025751636 0.08646694895254421
v -0.7364435152729646 -0.6273142025751636 4.09133231384986e-17
v -0.7212653955551456 -0.6273142025751636 -0.08646694895254399
v -0.6767654001774288 -0.6273142025751636 -0.16704131822736176
v -0.6059761302850868 -0.6273142025751636 -0.23623209771381506
v -0.5137217576364825 -0.6273142025751636 -0.28932405013307166
v -0.40628926527005876 -0.6273142025751636 -0.3226990466663592
v -0.2910000000000001 -0.6273142025751636 -0.33408263645472347
v -0.1757107347299414 -0.6273142025751636 -0.32269904666635923
v -0.06827824236351762 -0.6273142025751636 -0.2893240501330717
v 0.02397613028508665 -0.6273142025751636 -0.2362320977138151
v 0.09476540017742884 -0.6273142025751636 -0.16704131822736187
v 0.13926539555514558 -0.6273142025751636 -0.0864669489525441
v 0.15444351527296465 -0.6273142025751636 -8.18266462769972e-17
v -0.06391486517322628 -0.6659532053937934 0.0
v -0.07165260350448412 -0.6659532053937934 0.04408046831463206
v -0.09433850441819958 -0.6659532053937934 0.08515692556004013
v -0.13042656125732688 -0.6659532053937934 0.12043007905700481
v -0.17745743258661312 -0.6659532053937934 0.1474961216863503
v -0.23222604224715726 -0.6659532053937934 0.1645105473716369
v -0.291 -0.6659532053937934 0.1703138511200803
v -0.34977395775284276 -0.6659532053937934 0.1645105473716369
v -0.40454256741338673 -0.6659532053937934 0.14749612168635032
v -0.4515734387426731 -0.6659532053937934 0.12043007905700484
v -0.48766149558180033 -0.6659532053937934 0.08515692556004013
v -0.5103473964955159 -0.6659532053937934 0.0440804683146321
v -0.5180851348267737 -0.6659532053937934 2.0857431262466515e-17
v -0.5103473964955159 -0.6659532053937934 -0.044080468314632
v -0.48766149558180033 -0.6659532053937934 -0.08515692556004016
v -0.4515734387426731 -0.6659532053937934 -0.12043007905700481
v -0.4045425674133869 -0.6659532053937934 -0.14749612168635023
v -0.3497739577528427 -0.6659532053937934 -0.1645105473716369
v -0.29100000000000004 -0.6659532053937934 -0.1703138511200803
v -0.23222604224715734 -0.6659532053937934 -0.16451054737163692
v -0.17745743258661312 -0.6659532053937934 -0.1474961216863503
v -0.1304265612573269 -0.6659532053937934 -0.12043007905700487
v -0.09433850441819969 -0.6659532053937934 -0.0851569255600402
v -0.07165260350448412 -0.6659532053937934 -0.04408046831463205
v -0.06391486517322628 -0.6659532053937934 -4.171486252493303e-17
v -0.2909999999999998 -0.6789999999999999 0.0
v -0.2909999999999998 -0.6789999999999999 2.7670775191999306e-17
v -0.29099999999999987 -0.6789999999999999 5.3455832782781954e-17
v -0.29099999999999987 -0.6789999999999999 7.559796370935855e-17
v -0.2909999999999999 -0.6789999999999999 9.258821834068436e-17
v -0.2909999999999999 -0.6789999999999999 1.0326873890135788e-16
v -0.291 -0.6789999999999999 1.0691166556556393e-16
v -0.29100000000000004 -0.6789999999999999 1.0326873890135788e-16
v -0.29100000000000004 -0.6789999999999999 9.258821834068438e-17
v -0.2910000000000001 -0.6789999999999999 7.559796370935857e-17
v -0.2910000000000001 -0.6789999999999999 5.3455832782781954e-17
v -0.29100000000000015 -0.6789999999999999 2.7670775191999337e-17
v -0.29100000000000015 -0.6789999999999999 1.3092902902638016e-32
v -0.29100000000000015 -0.6789999999999999 -2.7670775191999266e-17
v -0.2910000000000001 -0.6789999999999999 -5.345583278278198e-17
v -0.2910000000000001 -0.6789999999999999 -7.559796370935855e-17
v -0.29100000000000004 -0.6789999999999999 -9.258821834068434e-17
v -0.29100000000000004 -0.6789999999999999 -1.0326873890135788e-16
v -0.291 -0.6789999999999999 -1.0691166556556393e-16
v -0.2909999999999999 -0.6789999999999999 -1.0326873890135788e-16
v -0.2909999999999999 -0.6789999999999999 -9.258821834068436e-17
v -0.29099999999999987 -0.6789999999999999 -7.559796370935858e-17
v -0.29099999999999987 -0.6789999999999999 -5.345583278278201e-17
v -0.2909999999999998 -0.6789999999999999 -2.7670775191999297e-17
v -0.2909999999999998 -0.6789999999999999 -2.618580580527603e-32
f 1 26 2
f 2 26 27
f 2 27 3
f 3 27 28
f 3 28 4
f 4 28 29
f 4 29 5
f 5 29 30
f 5 30 6
f 6 30 31
f 6 31 7
f 7 31 32
f 7 32 8
f 8 32 33
f 8 33 9
f 9 33 34
f 9 34 10
f 10 34 35
f 10 35 11
f 11 35 36
f 11 36 12
f 12 36 37
f 12 37 13
f 13 37 38
f 13 38 14
f 14 38 39
f 14 39 15
f 15 39 40
f 15 40 16
f 16 40 41
f 16 41 17
f 17 41 42
f 17 42 18
f 18 42 43
f 18 43 19
f 19 43 44
f 19 44 20
f 20 44 45
f 20 45 21
f 21 45 46
f 21 46 22
f 22 46 47
f 22 47 23
f 23 47 48
f 23 48 24
f 24 48 49
f 24 49 25
f 25 49 50
f 26 51 27
f 27 51 52
f 27 52 28
f 28 52 53
f 28 53 29
f 29 53 54
f 29 54 30
f 30 54 55
f 30 55 31
f 31 55 56
f 31 56 32
f 32 56 57
f 32 57 33
f 33 57 58
f 33 58 34
f 34 58 59
f 34 59 35
f 35 59 60
f 35 60 36
f 36 60 61
f 36 61 37
f 37 61 62
f 37 62 38
f 38 62 63
f 38 63 39
f 39 63 64
f 39 64 40
f 40 64 65
f 40 65 41
f 41 65 66
f 41 66 42
f 42 66 67
f 42 67 43
f 43 67 68
f 43 68 44
f 44 68 69
f 44 69 45
f 45 69 70
f 45 70 46
f 46 70 71
f 46 71 47
f 47 71 72
f 47 72 48
f 48 72 73
f 48 73 49
f 49 73 74
f 49 74 50
f 50 74 75
f 51 76 52
f 52 76 77
f 52 77 53
f 53 77 78
f 53 78 54
f 54 78 79
f 54 79 55
f 55 79 80
f 55 80 56
f 56 80 81
f 56 81 57
f 57 81 82
f 57 82 58
f 58 82 83
f 58 83 59
f 59 83 84
f 59 84 60
f 60 84 85
f 60 85 61
f 61 85 86
f 61 86 62
f 62 86 87
f 62 87 63
f 63 87 88
f 63 88 64
f 64 88 89
f 64 89 65
f 65 89 90
f 65 90 66
f 66 90 91
f 66 91 67
f 67 91 92
f 67 92 68
f 68 92 93
f 68 93 69
f 69 93 94
f 69 94 70
f 70 94 95
f 70 95 71
f 71 95 96
f 71 96 72
f 72 96 97
f 72 97 73
f 73 97 98
f 73 98 74
f 74 98 99
f 74 99 75
f 75 99 100
f 76 101 77
f 77 101 102
f 77 102 78
f 78 102 103
f 78 103 79
f 79 103 104
f 79 104 80
f 80 104 105
f 80 105 81
f 81 105 106
f 81 106 82
f 82 106 107
f 82 107 83
f 83 107 108
f 83 108 84
f 84 108 109
f 84 109 85
f 85 109 110
f 85 110 86
f 86 110 111
f 86 111 87
f 87 111 112
f 87 112 88
f 88 112 113
f 88 113 89
f 89 113 114
f 89 114 90
f 90 114 115
f 90 115 91
f 91 115 116
f 91 116 92
f 92 116 117
f 92 117 93
f 93 117 118
f 93 118 94
f 94 118 119
f 94 119 95
f 95 119 120
f 95 120 96
f 96 120 121
f 96 121 97
f 97 121 122
f 97 122 98
f 98 122 123
f 98 123 99
f 99 123 124
f 99 124 100
f 100 124 125
f 101 126 102
f 102 126 127
f 102 127 103
f 103 127 128
f 103 128 104
f 104 128 129
f 104 129 105
f 105 129 130
f 105 130 106
f 106 130 131
f 106 131 107
f 107 131 132
f 107 132 108
f 108 132 133
f 108 133 109
f 109 133 134
f 109 134 110
f 110 134 135
f 110 135 111
f 111 135 136
f 111 136 112
f 112 136 137
f 112 137 113
f 113 137 138
f 113 138 114
f 114 138 139
f 114 139 115
f 115 139 140
f 115 140 116
f 116 140 141
f 116 141 117
f 117 141 142
f 117 142 118
f 118 142 143
f 118 143 119
f 119 143 144
f 119 144 120
f 120 144 145
f 120 145 121
f 121 145 146
f 121 146 122
f 122 146 147
f 122 147 123
f 123 147 148
f 123 148 124
f 124 148 149
f 124 149 125
f 125 149 150
f 126 151 127
f 127 151 152
f 127 152 128
f 128 152 153
f 128 153 129
f 129 153 154
f 129 154 130
f 130 154 155
f 130 155 131
f 131 155 156
f 131 156 132
f 132 156 157
f 132 157 133
f 133 157 158
f 133 158 134
f 134 158 159
f 134 159 135
f 135 159 160
f 135 160 136
f 136 160 161
f 136 161 137
f 137 161 162
f 137 162 138
f 138 162 163
f 138 163 139
f 139 163 164
f 139 164 140
f 140 164 165
f 140 165 141
f 141 165 166
f 141 166 142
f 142 166 167
f 142 167 143
f 143 167 168
f 143 168 144
f 144 168 169
f 144 169 145
f 145 169 170
f 145 170 146
f 146 170 171
f 146 171 147
f 147 171 172
f 147 172 148
f 148 172 173
f 148 173 149
f 149 173 174
f 149 174 150
f 150 174 175
f 151 176 152
f 152 176 177
f 152 177 153
f 153 177 178
f 153 178 154
f 154 178 179
f 154 179 155
f 155 179 180
f 155 180 156
f 156 180 181
f 156 181 157
f 157 181 182
f 157 182 158
f 158 182 183
f 158 183 159
f 159 183 184
f 159 184 160
f 160 184 185
f 160 185 161
f 161 185 186
f 161 186 162
f 162 186 187
f 162 187 163
f 163 187 188
f 163 188 164
f 164 188 189
f 164 189 165
f 165 189 190
f 165 190 166
f 166 190 191
f 166 191 167
f 167 191 192
f 167 192 168
f 168 192 193
f 168 193 169
f 169 193 194
f 169 194 170
f 170 194 195
f 170 195 171
f 171 195 196
f 171 196 172
f 172 196 197
f 172 197 173
f 173 197 198
f 173 198 174
f 174 198 199
f 174 199 175
f 175 199 200
f 176 201 177
f 177 201 202
f 177 202 178
f 178 202 203
f 178 203 179
f 179 203 204
f 179 204 180
f 180 204 205
f 180 205 181
f 181 205 206
f 181 206 182
f 182 206 207
f 182 207 183
f 183 207 208
f 183 208 184
f 184 208 209
f 184 209 185
f 185 209 210
f 185 210 186
f 186 210 211
f 186 211 187
f 187 211 212
f 187 212 188
f 188 212 213
f 188 213 189
f 189 213 214
f 189 214 190
f 190 214 215
f 190 215 191
f 191 215 216
f 191 216 192
f 192 216 217
f 192 217 193
f 193 217 218
f 193 218 194
f 194 218 219
f 194 219 195
f 195 219 220
f 195 220 196
f 196 220 221
f 196 221 197
f 197 221 222
f 197 222 198
f 198 222 223
f 198 223 199
f 199 223 224
f 199 224 200
f 200 224 225
f 201 226 202
f 202 226 227
f 202 227 203
f 203 227 228
f 203 228 204
f 204 228 229
f 204 229 205
f 205 229 230
f 205 230 206
f 206 230 231
f 206 231 207
f 207 231 232
f 207 232 208
f 208 232 233
f 208 233 209
f 209 233 234
f 209 234 210
f 210 234 235
f 210 235 211
f 211 235 236
f 211 236 212
f 212 236 237
f 212 237 213
f 213 237 238
f 213 238 214
f 214 238 239
f 214 239 215
f 215 239 240
f 215 240 216
f 216 240 241
f 216 241 217
f 217 241 242
f 217 242 218
f 218 242 243
f 218 243 219
f 219 243 244
f 219 244 220
f 220 244 245
f 220 245 221
f 221 245 246
f 221 246 222
f 222 246 247
f 222 247 223
f 223 247 248
f 223 248 224
f 224 248 249
f 224 249 225
f 225 249 250
f 226 251 227
f 227 251 252
f 227 252 228
f 228 252 253
f 228 253 229
f 229 253 254
f 229 254 230
f 230 254 255
f 230 255 231
f 231 255 256
f 231 256 232
f 232 256 257
f 232 257 233
f 233 257 258
f 233 258 234
f 234 258 259
f 234 259 235
f 235 259 260
f 235 260 236
f 236 260 261
f 236 261 237
f 237 261 262
f 237 262 238
f 238 262 263
f 238 263 239
f 239 263 264
f 239 264 240
f 240 264 265
f 240 265 241
f 241 265 266
f 241 266 242
f 242 266 267
f 242 267 243
f 243 267 268
f 243 268 244
f 244 268 269
f 244 269 245
f 245 269 270
f 245 270 246
f 246 270 271
f 246 271 247
f 247 271 272
f 247 272 248
f 248 272 273
f 248 273 249
f 249 273 274
f 249 274 250
f 250 274 275
f 251 276 252
f 252 276 277
f 252 277 253
f 253 277 278
f 253 278 254
f 254 278 279
f 254 279 255
f 255 279 280
f 255 280 256
f 256 280 281
f 256 281 257
f 257 281 282
f 257 282 258
f 258 282 283
f 258 283 259
f 259 283 284
f 259 284 260
f 260 284 285
f 260 285 261
f 261 285 286
f 261 286 262
f 262 286 287
f 262 287 263
f 263 287 288
f 263 288 264
f 264 288 289
f 264 289 265
f 265 289 290
f 265 290 266
f 266 290 291
f 266 291 267
f 267 291 292
f 267 292 268
f 268 292 293
f 268 293 269
f 269 293 294
f 269 294 270
f 270 294 295
f 270 295 271
f 271 295 296
f 271 296 272
f 272 296 297
f 272 297 273
f 273 297 298
f 273 298 274
f 274 298 299
f 274 299 275
f 275 299 300
f 276 301 277
f 277 301 302
f 277 302 278
f 278 302 303
f 278 303 279
f 279 303 304
f 279 304 280
f 280 304 305
f 280 305 281
f 281 305 306
f 281 306 282
f 282 306 307
f 282 307 283
f 283 307 308
f 283 308 284
f 284 308 309
f 284 309 285
f 285 309 310
f 285 310 286
f 286 310 311
f 286 311 287
f 287 311 312
f 287 312 288
f 288 312 313
f 288 313 289
f 289 313 314
f 289 314 290
f 290 314 315
f 290 315 291
f 291 315 316
f 291 316 292
f 292 316 317
f 292 317 293
f 293 317 318
f 293 318 294
f 294 318 319
f 294 319 295
f 295 319 320
f 295 320 296
f 296 320 321
f 296 321 297
f 297 321 322
f 297 322 298
f 298 322 323
f 298 323 299
f 299 323 324
f 299 324 300
f 300 324 325
f 301 326 302
f 302 326 327
f 302 327 303
f 303 327 328
f 303 328 304
f 304 328 329
f 304 329 305
f 305 329 330
f 305 330 306
f 306 330 331
f 306 331 307
f 307 331 332
f 307 332 308
f 308 332 333
f 308 333 309
f 309 333 334
f 309 334 310
f 310 334 335
f 310 335 311
f 311 335 336
f 311 336 312
f 312 336 337
f 312 337 313
f 313 337 338
f 313 338 314
f 314 338 339
f 314 339 315
f 315 339 340
f 315 340 316
f 316 340 341
f 316 341 317
f 317 341 342
f 317 342 318
f 318 342 343
f 318 343 319
f 319 343 344
f 319 344 320
f 320 344 345
f 320 345 321
f 321 345 346
f 321 346 322
f 322 346 347
f 322 347 323
f 323 347 348
f 323 348 324
f 324 348 349
f 324 349 325
f 325 349 350
f 326 351 327
f 327 351 352
f 327 352 328
f 328 352 353
f 328 353 329
f 329 353 354
f 329 354 330
f 330 354 355
f 330 355 331
f 331 355 356
f 331 356 332
f 332 356 357
f 332 357 333
f 333 357 358
f 333 358 334
f 334 358 359
f 334 359 335
f 335 359 360
f 335 360 336
f 336 360 361
f 336 361 337
f 337 361 362
f 337 362 338
f 338 362 363
f 338 363 339
f 339 363 364
f 339 364 340
f 340 364 365
f 340 365 341
f 341 365 366
f 341 366 342
f 342 366 367
f 342 367 343
f 343 367 368
f 343 368 344
f 344 368 369
f 344 369 345
f 345 369 370
f 345 370 346
f 346 370 371
f 346 371 347
f 347 371 372
f 347 372 348
f 348 372 373
f 348 373 349
f 349 373 374
f 349 374 350
f 350 374 375
f 351 376 352
f 352 376 377
f 352 377 353
f 353 377 378
f 353 378 354
f 354 378 379
f 354 379 355
f 355 379 380
f 355 380 356
f 356 380 381
f 356 381 357
f 357 381 382
f 357 382 358
f 358 382 383
f 358 383 359
f 359 383 384
f 359 384 360
f 360 384 385
f 360 385 361
f 361 385 386
f 361 386 362
f 362 386 387
f 362 387 363
f 363 387 388
f 363 388 364
f 364 388 389
f 364 389 365
f 365 389 390
f 365 390 366
f 366 390 391
f 366 391 367
f 367 391 392
f 367 392 368
f 368 392 393
f 368 393 369
f 369 393 394
f 369 394 370
f 370 394 395
f 370 395 371
f 371 395 396
f 371 396 372
f 372 396 397
f 372 397 373
f 373 397 398
f 373 398 374
f 374 398 399
f 374 399 375
f 375 399 400
f 376 401 377
f 377 401 402
f 377 402 378
f 378 402 403
f 378 403 379
f 379 403 404
f 379 404 380
f 380 404 405
f 380 405 381
f 381 405 406
f 381 406 382
f 382 406 407
f 382 407 383
f 383 407 408
f 383 408 384
f 384 408 409
f 384 409 385
f 385 409 410
f 385 410 386
f 386 410 411
f 386 411 387
f 387 411 412
f 387 412 388
f 388 412 413
f 388 413 389
f 389 413 414
f 389 414 390
f 390 414 415
f 390 415 391
f 391 415 416
f 391 416 392
f 392 416 417
f 392 417 393
f 393 417 418
f 393 418 394
f 394 418 419
f 394 419 395
f 395 419 420
f 395 420 396
f 396 420 421
f 396 421 397
f 397 421 422
f 397 422 398
f 398 422 423
f 398 423 399
f 399 423 424
f 399 424 400
f 400 424 425
o C2
v 0.6789999999999999 0.582 0.097
v 0.6789999999999999 0.582 0.097
v 0.6789999999999999 0.582 0.097
v 0.6789999999999999 0.582 0.097
v 0.6789999999999999 0.582 0.097
v 0.6789999999999999 0.582 0.097
v 0.6789999999999999 0.582 0.097
v 0.6789999999999999 0.582 0.097
v 0.6789999999999999 0.582 0.097
v 0.6789999999999999 0.582 0.097
v 0.6789999999999999 0.582 0.097
v 0.6789999999999999 0.582 0.097
v 0.6789999999999999 0.582 0.097
v 0.6789999999999999 0.582 0.097
v 0.6789999999999999 0.582 0.097
v 0.6789999999999999 0.582 0.097
v 0.6789999999999999 0.582 0.097
v 0.6789999999999999 0.582 0.097
v 0.6789999999999999 0.582 0.097
v 0.6789999999999999 0.582 0.097
v 0.6789999999999999 0.582 0.097
v 0.6789999999999999 0.582 0.097
v 0.6789999999999999 0.582 0.097
v 0.6789999999999999 0.582 0.097
v 0.6789999999999999 0.582 0.097
v 0.811466328648951 0.5726808609955667 0.097
v 0.8069526479557172 0.5726808609955667 0.12148914906368444
v 0.7937192057560499 0.5726808609955667 0.14430940308891108
v 0.772667839266559 0.5726808609955667 0.16390559947611366
v 0.7452331643244755 0.5726808609955667 0.17894228982575
v 0.7132848086891581 0.5726808609955667 0.1883947485397981
v 0.6789999999999999 0.5726808609955667 0.1916188061778222
v 0.6447151913108418 0.5726808609955667 0.1883947485397981
v 0.6127668356755245 0.5726808609955667 0.17894228982575
v 0.5853321607334409 0.5726808609955667 0.1639055994761137
v 0.56428079424395 0.5726808609955667 0.14430940308891108
v 0.5510473520442827 0.5726808609955667 0.12148914906368447
v 0.5465336713510489 0.5726808609955667 0.09700000000000002
v 0.5510473520442826 0.5726808609955667 0.07251085093631561
v 0.56428079424395 0.5726808609955667 0.04969059691108889
v 0.5853321607334409 0.5726808609955667 0.03009440052388634
v 0.6127668356755244 0.5726808609955667 0.015057710174250023
v 0.6447151913108418 0.5726808609955667 0.005605251460201899
v 0.6789999999999999 0.5726808609955667 0.002381193822177805
v 0.7132848086891581 0.5726808609955667 0.005605251460201886
v 0.7452331643244755 0.5726808609955667 0.015057710174249995
v 0.772667839266559 0.5726808609955667 0.030094400523886313
v 0.7937192057560499 0.5726808609955667 0.04969059691108886
v 0.8069526479557172 0.5726808609955667 0.07251085093631557
v 0.811466328648951 0.5726808609955667 0.09699999999999998
v 0.9388420505758959 0.545081573267974 0.097
v 0.9299881474071681 0.545081573267974 0.1450371938625245
v 0.9040298167701668 0.545081573267974 0.18980073234853426
v 0.8627360759996339 0.545081573267974 0.22824005428545274
v 0.808921025287948 0.545081573267974 0.25773558340726205
v 0.7462520714075341 0.545081573267974 0.2762772481479773
v 0.6789999999999999 0.545081573267974 0.28260146469706854
v 0.6117479285924656 0.545081573267974 0.2762772481479773
v 0.549078974712052 0.545081573267974 0.25773558340726205
v 0.4952639240003662 0.545081573267974 0.22824005428545277
v 0.4539701832298331 0.545081573267974 0.18980073234853426
v 0.4280118525928318 0.545081573267974 0.14503719386252453
v 0.419157949424104 0.545081573267974 0.09700000000000003
v 0.42801185259283175 0.545081573267974 0.048962806137475584
v 0.4539701832298331 0.545081573267974 0.0041992676514657065
v 0.49526392400036606 0.545081573267974 -0.034240054285452744
v 0.5490789747120518 0.545081573267974 -0.06373558340726196
v 0.6117479285924657 0.545081573267974 -0.08227724814797725
v 0.6789999999999999 0.545081573267974 -0.08860146469706853
v 0.746252071407534 0.545081573267974 -0.08227724814797728
v 0.808921025287948 0.545081573267974 -0.06373558340726201
v 0.8627360759996338 0.545081573267974 -0.0342400542854528
v 0.9040298167701667 0.545081573267974 0.004199267651465653
v 0.9299881474071681 0.545081573267974 0.04896280613747552
v 0.9388420505758959 0.545081573267974 0.09699999999999996
v 1.0562321882203098 0.5002627619667345 0.097
v 1.043378313109536 0.5002627619667345 0.16673919624079642
v 1.0056926581239811 0.5002627619667345 0.2317257815072535
v 0.945743438372421 0.5002627619667345 0.2875310274088722
v 0.8676160941101548 0.5002627619667345 0.3303518986599866
v 0.7766348747371149 0.5002627619667345 0.35727022364966865
v 0.6789999999999999 0.5002627619667345 0.36645156301450704
v 0.581365125262885 0.5002627619667345 0.35727022364966865
v 0.4903839058898451 0.5002627619667345 0.33035189865998665
v 0.4122565616275788 0.5002627619667345 0.28753102740887226
v 0.35230734187601875 0.5002627619667345 0.2317257815072535
v 0.3146216868904639 0.5002627619667345 0.1667391962407965
v 0.3017678117796901 0.5002627619667345 0.09700000000000003
v 0.31462168689046377 0.5002627619667345 0.027260803759203703
v 0.35230734187601875 0.5002627619667345 -0.03772578150725355
v 0.41225656162757873 0.5002627619667345 -0.09353102740887223
v 0.4903839058898449 0.5002627619667345 -0.13635189865998648
v 0.5813651252628851 0.5002627619667345 -0.1632702236496687
v 0.6789999999999998 0.5002627619667345 -0.17245156301450704
v 0.7766348747371147 0.5002627619667345 -0.1632702236496687
v 0.8676160941101548 0.5002627619667345 -0.13635189865998656
v 0.9457434383724209 0.5002627619667345 -0.09353102740887229
v 1.0056926581239811 0.5002627619667345 -0.03772578150725363
v 1.043378313109536 0.5002627619667345 0.02726080375920361
v 1.0562321882203098 0.5002627619667345 0.09699999999999993
v 1.1591255044256656 0.4399467888754756 0.097
v 1.1427656245848168 0.4399467888754756 0.18576116041772636
v 1.0948008838374443 0.4399467888754756 0.2684733944377377
v 1.0184999999999997 0.4399467888754756 0.33949999999999997
v 0.9190627522128327 0.4399467888754756 0.39400063131246027
v 0.8032656245848169 0.4399467888754756 0.4282611604177264
v 0.6789999999999999 0.4399467888754756 0.4399467888754755
v 0.5547343754151829 0.4399467888754756 0.4282611604177264
v 0.4389372477871672 0.4399467888754756 0.39400063131246027
v 0.3395 0.4399467888754756 0.33949999999999997
v 0.26319911616255554 0.4399467888754756 0.2684733944377377
v 0.21523437541518314 0.4399467888754756 0.18576116041772645
v 0.19887449557433426 0.4399467888754756 0.09700000000000004
v 0.21523437541518303 0.4399467888754756 0.00823883958227378
v 0.26319911616255554 0.4399467888754756 -0.07447339443773777
v 0.3394999999999999 0.4399467888754756 -0.14549999999999993
v 0.43893724778716686 0.4399467888754756 -0.2000006313124602
v 0.5547343754151831 0.4399467888754756 -0.23426116041772635
v 0.6789999999999998 0.4399467888754756 -0.24594678887547552
v 0.8032656245848167 0.4399467888754756 -0.2342611604177264
v 0.9190627522128327 0.4399467888754756 -0.20000063131246032
v 1.0184999999999997 0.4399467888754756 -0.14550000000000005
v 1.0948008838374441 0.4399467888754756 -0.07447339443773791
v 1.1427656245848168 0.4399467888754756 0.008238839582273673
v 1.1591255044256656 0.4399467888754756 0.09699999999999992
v 1.243567866753428 0.36645156301450715 0.097
v 1.2243306831900618 0.36645156301450715 0.20137208297763534
v 1.1679301147688568 0.36645156301450715 0.2986313809833672
v 1.0782097670213724 0.36645156301450715 0.38214983358669447
v 0.9612839333767141 0.36645156301450715 0.4462357962634691
v 0.8251209161686893 0.36645156301450715 0.4865219165643298
v 0.6789999999999999 0.36645156301450715 0.5002627619667345
v 0.5328790838313104 0.36645156301450715 0.4865219165643298
v 0.396716066623286 0.36645156301450715 0.4462357962634691
v 0.2797902329786277 0.36645156301450715 0.38214983358669447
v 0.19006988523114318 0.36645156301450715 0.2986313809833672
v 0.13366931680993827 0.36645156301450715 0.20137208297763542
v 0.11443213324657173 0.36645156301450715 0.09700000000000006
v 0.13366931680993815 0.36645156301450715 -0.007372082977635164
v 0.19006988523114318 0.36645156301450715 -0.10463138098336726
v 0.27979023297862754 0.36645156301450715 -0.18814983358669446
v 0.3967160666232856 0.36645156301450715 -0.2522357962634691
v 0.5328790838313106 0.36645156301450715 -0.29252191656432985
v 0.6789999999999998 0.36645156301450715 -0.3062627619667344
v 0.8251209161686891 0.36645156301450715 -0.29252191656432985
v 0.9612839333767141 0.36645156301450715 -0.25223579626346915
v 1.0782097670213722 0.36645156301450715 -0.18814983358669457
v 1.1679301147688566 0.36645156301450715 -0.1046313809833674
v 1.2243306831900618 0.36645156301450715 -0.0073720829776352985
v 1.243567866753428 0.36645156301450715 0.0969999999999999
v 1.3063142025751635 0.28260146469706854 0.097
v 1.284938989465283 0.28260146469706854 0.2129720449212522
v 1.222270035584869 0.28260146469706854 0.321040786633987
v 1.1225781265755297 0.28260146469706854 0.4138415189825213
v 0.9926571012875819 0.28260146469706854 0.4850500254177637
v 0.841360862889753 0.28260146469706854 0.5298135639037735
v 0.6789999999999999 0.28260146469706854 0.545081573267974
v 0.5166391371102468 0.28260146469706854 0.5298135639037735
v 0.3653428987124183 0.28260146469706854 0.4850500254177638
v 0.2354218734244702 0.28260146469706854 0.4138415189825213
v 0.13572996441513072 0.28260146469706854 0.321040786633987
v 0.07306101053471703 0.28260146469706854 0.21297204492125235
v 0.051685797424836324 0.28260146469706854 0.09700000000000006
v 0.07306101053471692 0.28260146469706854 -0.018972044921252058
v 0.13572996441513072 0.28260146469706854 -0.12704078663398707
v 0.23542187342447005 0.28260146469706854 -0.21984151898252124
v 0.3653428987124179 0.28260146469706854 -0.29105002541776365
v 0.5166391371102469 0.28260146469706854 -0.33581356390377354
v 0.6789999999999998 0.28260146469706854 -0.35108157326797407
v 0.8413608628897528 0.28260146469706854 -0.33581356390377365
v 0.9926571012875819 0.28260146469706854 -0.29105002541776376
v 1.1225781265755295 0.28260146469706854 -0.21984151898252136
v 1.222270035584869 0.28260146469706854 -0.1270407866339872
v 1.284938989465283 0.28260146469706854 -0.018972044921252207
v 1.3063142025751635 0.28260146469706854 0.09699999999999989
v 1.3449532053937934 0.19161880617782226 0.097
v 1.3222614001898534 0.19161880617782226 0.2201152662164175
v 1.2557323936027012 0.19161880617782226 0.33484043049778334
v 1.149900027486869 0.19161880617782226 0.43335716249062073
v 1.0119766026968968 0.19161880617782226 0.5089517097162152
v 0.8513613727029844 0.19161880617782226 0.5564724287070383
v 0.6789999999999999 0.19161880617782226 0.5726808609955667
v 0.5066386272970154 0.19161880617782226 0.5564724287070383
v 0.3460233973031034 0.19161880617782226 0.5089517097162152
v 0.20809997251313095 0.19161880617782226 0.43335716249062073
v 0.10226760639729876 0.19161880617782226 0.33484043049778334
v 0.03573859981014655 0.19161880617782226 0.22011526621641764
v 0.013046794606206537 0.19161880617782226 0.09700000000000006
v 0.035738599810146335 0.19161880617782226 -0.026115266216417302
v 0.10226760639729886 0.19161880617782226 -0.14084043049778341
v 0.20809997251313084 0.19161880617782226 -0.2393571624906207
v 0.34602339730310294 0.19161880617782226 -0.31495170971621494
v 0.5066386272970156 0.19161880617782226 -0.3624724287070382
v 0.6789999999999998 0.19161880617782226 -0.37868086099556675
v 0.8513613727029842 0.19161880617782226 -0.36247242870703833
v 1.0119766026968968 0.19161880617782226 -0.31495170971621506
v 1.149900027486869 0.19161880617782226 -0.2393571624906208
v 1.2557323936027007 0.19161880617782226 -0.14084043049778358
v 1.3222614001898534 0.19161880617782226 -0.026115266216417465
v 1.3449532053937934 0.19161880617782226 0.09699999999999988
v 1.3579999999999999 0.09700000000000003 0.097
v 1.3348636360502775 0.09700000000000003 0.22252723687472256
v 1.2670312491696338 0.09700000000000003 0.33949999999999997
v 1.1591255044256659 0.09700000000000003 0.4399467888754755
v 1.0185 0.09700000000000003 0.5170223208354526
v 0.8547381316246115 0.09700000000000003 0.5654740257501981
v 0.6789999999999999 0.09700000000000003 0.582
v 0.5032618683753883 0.09700000000000003 0.5654740257501981
v 0.33950000000000014 0.09700000000000003 0.5170223208354527
v 0.19887449557433426 0.09700000000000003 0.4399467888754756
v 0.09096875083036608 0.09700000000000003 0.33949999999999997
v 0.02313636394972269 0.09700000000000003 0.2225272368747227
v 0.0 0.09700000000000003 0.09700000000000006
v 0.023136363949722582 0.09700000000000003 -0.028527236874722365
v 0.0909687508303662 0.09700000000000003 -0.14550000000000005
v 0.19887449557433412 0.09700000000000003 -0.24594678887547552
v 0.33949999999999964 0.09700000000000003 -0.3230223208354526
v 0.5032618683753884 0.09700000000000003 -0.3714740257501981
v 0.6789999999999998 0.09700000000000003 -0.388
v 0.8547381316246112 0.09700000000000003 -0.3714740257501982
v 1.0185 0.09700000000000003 -0.32302232083545274
v 1.1591255044256656 0.09700000000000003 -0.24594678887547564
v 1.2670312491696336 0.09700000000000003 -0.1455000000000002
v 1.3348636360502775 0.09700000000000003 -0.028527236874722525
v 1.3579999999999999 0.09700000000000003 0.09699999999999988
v 1.3449532053937934 0.002381193822177832 0.097
v 1.3222614001898534 0.002381193822177832 0.2201152662164175
v 1.2557323936027012 0.002381193822177832 0.33484043049778334
v 1.149900027486869 0.002381193822177832 0.43335716249062073
v 1.0119766026968968 0.002381193822177832 0.5089517097162152
v 0.8513613727029844 0.002381193822177832 0.5564724287070383
v 0.6789999999999999 0.002381193822177832 0.5726808609955667
v 0.5066386272970154 0.002381193822177832 0.5564724287070383
v 0.3460233973031034 0.002381193822177832 0.5089517097162152
v 0.20809997251313095 0.002381193822177832 0.43335716249062073
v 0.10226760639729876 0.002381193822177832 0.33484043049778334
v 0.03573859981014655 0.002381193822177832 0.22011526621641764
v 0.013046794606206537 0.002381193822177832 0.09700000000000006
v 0.035738599810146335 0.002381193822177832 -0.026115266216417302
v 0.10226760639729886 0.002381193822177832 -0.14084043049778341
v 0.20809997251313084 0.002381193822177832 -0.2393571624906207
v 0.34602339730310294 0.002381193822177832 -0.31495170971621494
v 0.5066386272970156 0.002381193822177832 -0.3624724287070382
v 0.6789999999999998 0.002381193822177832 -0.37868086099556675
v 0.8513613727029842 0.002381193822177832 -0.36247242870703833
v 1.0119766026968968 0.002381193822177832 -0.31495170971621506
v 1.149900027486869 0.002381193822177832 -0.2393571624906208
v 1.2557323936027007 0.002381193822177832 -0.14084043049778358
v 1.3222614001898534 0.002381193822177832 -0.026115266216417465
v 1.3449532053937934 0.002381193822177832 0.09699999999999988
v 1.3063142025751635 -0.0886014646970685 0.097
v 1.284938989465283 -0.0886014646970685 0.2129720449212522
v 1.222270035584869 -0.0886014646970685 0.321040786633987
v 1.1225781265755297 -0.0886014646970685 0.4138415189825213
v 0.9926571012875819 -0.0886014646970685 0.4850500254177637
v 0.841360862889753 -0.0886014646970685 0.5298135639037735
v 0.6789999999999999 -0.0886014646970685 0.545081573267974
v 0.5166391371102468 -0.0886014646970685 0.5298135639037735
v 0.3653428987124183 -0.0886014646970685 0.4850500254177638
v 0.2354218734244702 -0.0886014646970685 0.4138415189825213
v 0.13572996441513072 -0.0886014646970685 0.321040786633987
v 0.07306101053471703 -0.0886014646970685 0.21297204492125235
v 0.051685797424836324 -0.0886014646970685 0.09700000000000006
v 0.07306101053471692 -0.0886014646970685 -0.018972044921252058
v 0.13572996441513072 -0.0886014646970685 -0.12704078663398707
v 0.23542187342447005 -0.0886014646970685 -0.21984151898252124
v 0.3653428987124179 -0.0886014646970685 -0.29105002541776365
v 0.5166391371102469 -0.0886014646970685 -0.33581356390377354
v 0.6789999999999998 -0.0886014646970685 -0.35108157326797407
v 0.8413608628897528 -0.0886014646970685 -0.33581356390377365
v 0.9926571012875819 -0.0886014646970685 -0.29105002541776376
v 1.1225781265755295 -0.0886014646970685 -0.21984151898252136
v 1.222270035584869 -0.0886014646970685 -0.1270407866339872
v 1.284938989465283 -0.0886014646970685 -0.018972044921252207
v 1.3063142025751635 -0.0886014646970685 0.09699999999999989
v 1.2435678667534282 -0.17245156301450693 0.097
v 1.2243306831900618 -0.17245156301450693 0.20137208297763537
v 1.167930114768857 -0.17245156301450693 0.2986313809833672
v 1.0782097670213724 -0.17245156301450693 0.38214983358669447
v 0.9612839333767141 -0.17245156301450693 0.4462357962634692
v 0.8251209161686894 -0.17245156301450693 0.4865219165643299
v 0.6789999999999999 -0.17245156301450693 0.5002627619667346
v 0.5328790838313103 -0.17245156301450693 0.4865219165643299
v 0.3967160666232859 -0.17245156301450693 0.4462357962634692
v 0.27979023297862765 -0.17245156301450693 0.3821498335866946
v 0.190069885231143 -0.17245156301450693 0.2986313809833672
v 0.13366931680993815 -0.17245156301450693 0.20137208297763545
v 0.11443213324657162 -0.17245156301450693 0.09700000000000006
v 0.13366931680993804 -0.17245156301450693 -0.007372082977635191
v 0.1900698852311431 -0.17245156301450693 -0.10463138098336731
v 0.2797902329786275 -0.17245156301450693 -0.18814983358669451
v 0.3967160666232855 -0.17245156301450693 -0.25223579626346915
v 0.5328790838313106 -0.17245156301450693 -0.29252191656432996
v 0.6789999999999998 -0.17245156301450693 -0.3062627619667345
v 0.8251209161686891 -0.17245156301450693 -0.29252191656432996
v 0.9612839333767141 -0.17245156301450693 -0.25223579626346915
v 1.0782097670213724 -0.17245156301450693 -0.18814983358669463
v 1.1679301147688568 -0.17245156301450693 -0.10463138098336745
v 1.2243306831900618 -0.17245156301450693 -0.007372082977635325
v 1.2435678667534282 -0.17245156301450693 0.0969999999999999
v 1.1591255044256659 -0.24594678887547552 0.097
v 1.1427656245848168 -0.24594678887547552 0.1857611604177264
v 1.0948008838374443 -0.24594678887547552 0.2684733944377377
v 1.0185 -0.24594678887547552 0.33949999999999997
v 0.9190627522128328 -0.24594678887547552 0.3940006313124604
v 0.8032656245848169 -0.24594678887547552 0.4282611604177264
v 0.6789999999999999 -0.24594678887547552 0.4399467888754756
v 0.5547343754151829 -0.24594678887547552 0.4282611604177264
v 0.4389372477871672 -0.24594678887547552 0.3940006313124604
v 0.33949999999999997 -0.24594678887547552 0.3395000000000001
v 0.2631991161625555 -0.24594678887547552 0.2684733944377377
v 0.2152343754151831 -0.24594678887547552 0.18576116041772647
v 0.19887449557433415 -0.24594678887547552 0.09700000000000004
v 0.21523437541518292 -0.24594678887547552 0.008238839582273767
v 0.2631991161625555 -0.24594678887547552 -0.0744733944377378
v 0.3394999999999999 -0.24594678887547552 -0.1455
v 0.4389372477871668 -0.24594678887547552 -0.20000063131246026
v 0.554734375415183 -0.24594678887547552 -0.2342611604177264
v 0.6789999999999998 -0.24594678887547552 -0.24594678887547552
v 0.8032656245848167 -0.24594678887547552 -0.23426116041772646
v 0.9190627522128328 -0.24594678887547552 -0.20000063131246035
v 1.0184999999999997 -0.24594678887547552 -0.14550000000000005
v 1.0948008838374443 -0.24594678887547552 -0.07447339443773794
v 1.1427656245848168 -0.24594678887547552 0.00823883958227366
v 1.1591255044256659 -0.24594678887547552 0.09699999999999992
v 1.0562321882203098 -0.3062627619667345 0.097
v 1.043378313109536 -0.3062627619667345 0.16673919624079642
v 1.0056926581239811 -0.3062627619667345 0.2317257815072535
v 0.945743438372421 -0.3062627619667345 0.2875310274088722
v 0.8676160941101548 -0.3062627619667345 0.3303518986599866
v 0.7766348747371149 -0.3062627619667345 0.35727022364966865
v 0.6789999999999999 -0.3062627619667345 0.36645156301450704
v 0.581365125262885 -0.3062627619667345 0.35727022364966865
v 0.4903839058898451 -0.3062627619667345 0.33035189865998665
v 0.4122565616275788 -0.3062627619667345 0.28753102740887226
v 0.35230734187601875 -0.3062627619667345 0.2317257815072535
v 0.3146216868904639 -0.3062627619667345 0.1667391962407965
v 0.3017678117796901 -0.3062627619667345 0.09700000000000003
v 0.31462168689046377 -0.3062627619667345 0.027260803759203703
v 0.35230734187601875 -0.3062627619667345 -0.03772578150725355
v 0.41225656162757873 -0.3062627619667345 -0.09353102740887223
v 0.4903839058898449 -0.3062627619667345 -0.13635189865998648
v 0.5813651252628851 -0.3062627619667345 -0.1632702236496687
v 0.6789999999999998 -0.3062627619667345 -0.17245156301450704
v 0.7766348747371147 -0.3062627619667345 -0.1632702236496687
v 0.8676160941101548 -0.3062627619667345 -0.13635189865998656
v 0.9457434383724209 -0.3062627619667345 -0.09353102740887229
v 1.0056926581239811 -0.3062627619667345 -0.03772578150725363
v 1.043378313109536 -0.3062627619667345 0.02726080375920361
v 1.0562321882203098 -0.3062627619667345 0.09699999999999993
v 0.938842050575896 -0.35108157326797407 0.097
v 0.9299881474071682 -0.35108157326797407 0.1450371938625245
v 0.9040298167701668 -0.35108157326797407 0.18980073234853428
v 0.862736075999634 -0.35108157326797407 0.2282400542854528
v 0.808921025287948 -0.35108157326797407 0.25773558340726205
v 0.7462520714075342 -0.35108157326797407 0.2762772481479773
v 0.6789999999999999 -0.35108157326797407 0.2826014646970686
v 0.6117479285924656 -0.35108157326797407 0.2762772481479773
v 0.549078974712052 -0.35108157326797407 0.25773558340726205
v 0.49526392400036606 -0.35108157326797407 0.22824005428545283
v 0.45397018322983307 -0.35108157326797407 0.18980073234853428
v 0.4280118525928317 -0.35108157326797407 0.14503719386252453
v 0.41915794942410395 -0.35108157326797407 0.09700000000000003
v 0.4280118525928317 -0.35108157326797407 0.04896280613747557
v 0.45397018322983307 -0.35108157326797407 0.00419926765146568
v 0.49526392400036595 -0.35108157326797407 -0.0342400542854528
v 0.5490789747120518 -0.35108157326797407 -0.06373558340726201
v 0.6117479285924657 -0.35108157326797407 -0.08227724814797731
v 0.6789999999999999 -0.35108157326797407 -0.08860146469706859
v 0.746252071407534 -0.35108157326797407 -0.08227724814797734
v 0.808921025287948 -0.35108157326797407 -0.06373558340726204
v 0.8627360759996339 -0.35108157326797407 -0.03424005428545282
v 0.9040298167701668 -0.35108157326797407 0.004199267651465626
v 0.9299881474071682 -0.35108157326797407 0.04896280613747551
v 0.938842050575896 -0.35108157326797407 0.09699999999999996
v 0.8114663286489513 -0.37868086099556675 0.097
v 0.8069526479557175 -0.37868086099556675 0.12148914906368447
v 0.7937192057560502 -0.37868086099556675 0.14430940308891116
v 0.7726678392665592 -0.37868086099556675 0.1639055994761138
v 0.7452331643244756 -0.37868086099556675 0.17894228982575014
v 0.7132848086891582 -0.37868086099556675 0.1883947485397983
v 0.6789999999999999 -0.37868086099556675 0.19161880617782237
v 0.6447151913108417 -0.37868086099556675 0.1883947485397983
v 0.6127668356755244 -0.37868086099556675 0.17894228982575017
v 0.5853321607334406 -0.37868086099556675 0.1639055994761138
v 0.5642807942439497 -0.37868086099556675 0.14430940308891116
v 0.5510473520442823 -0.37868086099556675 0.12148914906368449
v 0.5465336713510486 -0.37868086099556675 0.09700000000000002
v 0.5510473520442823 -0.37868086099556675 0.07251085093631557
v 0.5642807942439497 -0.37868086099556675 0.049690596911088805
v 0.5853321607334406 -0.37868086099556675 0.03009440052388622
v 0.6127668356755243 -0.37868086099556675 0.015057710174249873
v 0.6447151913108417 -0.37868086099556675 0.005605251460201724
v 0.6789999999999999 -0.37868086099556675 0.00238119382217763
v 0.7132848086891581 -0.37868086099556675 0.00560525146020171
v 0.7452331643244756 -0.37868086099556675 0.015057710174249847
v 0.7726678392665592 -0.37868086099556675 0.03009440052388619
v 0.7937192057560502 -0.37868086099556675 0.04969059691108878
v 0.8069526479557175 -0.37868086099556675 0.07251085093631554
v 0.8114663286489513 -0.37868086099556675 0.09699999999999998
v 0.679 -0.388 0.097
v 0.679 -0.388 0.09700000000000002
v 0.679 -0.388 0.09700000000000003
v 0.679 -0.388 0.09700000000000004
v 0.6789999999999999 -0.388 0.09700000000000006
v 0.6789999999999999 -0.388 0.09700000000000006
v 0.6789999999999999 -0.388 0.09700000000000006
v 0.6789999999999999 -0.388 0.09700000000000006
v 0.6789999999999999 -0.388 0.09700000000000006
v 0.6789999999999998 -0.388 0.09700000000000004
v 0.6789999999999998 -0.388 0.09700000000000003
v 0.6789999999999998 -0.388 0.09700000000000002
v 0.6789999999999998 -0.388 0.097
v 0.6789999999999998 -0.388 0.09699999999999999
v 0.6789999999999998 -0.388 0.09699999999999998
v 0.6789999999999998 -0.388 0.09699999999999996
v 0.6789999999999999 -0.388 0.09699999999999995
v 0.6789999999999999 -0.388 0.09699999999999995
v 0.6789999999999999 -0.388 0.09699999999999995
v 0.6789999999999999 -0.388 0.09699999999999995
v 0.6789999999999999 -0.388 0.09699999999999995
v 0.679 -0.388 0.09699999999999996
v 0.679 -0.388 0.09699999999999998
v 0.679 -0.388 0.09699999999999999
v 0.679 -0.388 0.097
f 426 451 427
f 427 451 452
f 427 452 428
f 428 452 453
f 428 453 429
f 429 453 454
f 429 454 430
f 430 454 455
f 430 455 431
f 431 455 456
f 431 456 432
f 432 456 457
f 432 457 433
f 433 457 458
f 433 458 434
f 434 458 459
f 434 459 435
f 435 459 460
f 435 460 436
f 436 460 461
f 436 461 437
f 437 461 462
f 437 462 438
f 438 462 463
f 438 463 439
f 439 463 464
f 439 464 440
f 440 464 465
f 440 465 441
f 441 465 466
f 441 466 442
f 442 466 467
f 442 467 443
f 443 467 468
f 443 468 444
f 444 468 469
f 444 469 445
f 445 469 470
f 445 470 446
f 446 470 471
f 446 471 447
f 447 471 472
f 447 472 448
f 448 472 473
f 448 473 449
f 449 473 474
f 449 474 450
f 450 474 475
f 451 476 452
f 452 476 477
f 452 477 453
f 453 477 478
f 453 478 454
f 454 478 479
f 454 479 455
f 455 479 480
f 455 480 456
f 456 480 481
f 456 481 457
f 457 481 482
f 457 482 458
f 458 482 483
f 458 483 459
f 459 483 484
f 459 484 460
f 460 484 485
f 460 485 461
f 461 485 486
f 461 486 462
f 462 486 487
f 462 487 463
f 463 487 488
f 463 488 464
f 464 488 489
f 464 489 465
f 465 489 490
f 465 490 466
f 466 490 491
f 466 491 467
f 467 491 492
f 467 492 468
f 468 492 493
f 468 493 469
f 469 493 494
f 469 494 470
f 470 494 495
f 470 495 471
f 471 495 496
f 471 496 472
f 472 496 497
f 472 497 473
f 473 497 498
f 473 498 474
f 474 498 499
f 474 499 475
f 475 499 500
f 476 501 477
f 477 501 502
f 477 502 478
f 478 502 503
f 478 503 479
f 479 503 504
f 479 504 480
f 480 504 505
f 480 505 481
f 481 505 506
f 481 506 482
f 482 506 507
f 482 507 483
f 483 507 508
f 483 508 484
f 484 508 509
f 484 509 485
f 485 509 510
f 485 510 486
f 486 510 511
f 486 511 487
f 487 511 512
f 487 512 488
f 488 512 513
f 488 513 489
f 489 513 514
f 489 514 490
f 490 514 515
f 490 515 491
f 491 515 516
f 491 516 492
f 492 516 517
f 492 517 493
f 493 517 518
f 493 518 494
f 494 518 519
f 494 519 495
f 495 519 520
f 495 520 496
f 496 520 521
f 496 521 497
f 497 521 522
f 497 522 498
f 498 522 523
f 498 523 499
f 499 523 524
f 499 524 500
f 500 524 525
f 501 526 502
f 502 526 527
f 502 527 503
f 503 527 528
f 503 528 504
f 504 528 529
f 504 529 505
f 505 529 530
f 505 530 506
f 506 530 531
f 506 531 507
f 507 531 532
f 507 532 508
f 508 532 533
f 508 533 509
f 509 533 534
f 509 534 510
f 510 534 535
f 510 535 511
f 511 535 536
f 511 536 512
f 512 536 537
f 512 537 513
f 513 537 538
f 513 538 514
f 514 538 539
f 514 539 515
f 515 539 540
f 515 540 516
f 516 540 541
f 516 541 517
f 517 541 542
f 517 542 518
f 518 542 543
f 518 543 519
f 519 543 544
f 519 544 520
f 520 544 545
f 520 545 521
f 521 545 546
f 521 546 522
f 522 546 547
f 522 547 523
f 523 547 548
f 523 548 524
f 524 548 549
f 524 549 525
f 525 549 550
f 526 551 527
f 527 551 552
f 527 552 528
f 528 552 553
f 528 553 529
f 529 553 554
f 529 554 530
f 530 554 555
f 530 555 531
f 531 555 556
f 531 556 532
f 532 556 557
f 532 557 533
f 533 557 558
f 533 558 534
f 534 558 559
f 534 559 535
f 535 559 560
f 535 560 536
f 536 560 561
f 536 561 537
f 537 561 562
f 537 562 538
f 538 562 563
f 538 563 539
f 539 563 564
f 539 564 540
f 540 564 565
f 540 565 541
f 541 565 566
f 541 566 542
f 542 566 567
f 542 567 543
f 543 567 568
f 543 568 544
f 544 568 569
f 544 569 545
f 545 569 570
f 545 570 546
f 546 570 571
f 546 571 547
f 547 571 572
f 547 572 548
f 548 572 573
f 548 573 549
f 549 573 574
f 549 574 550
f 550 574 575
f 551 576 552
f 552 576 577
f 552 577 553
f 553 577 578
f 553 578 554
f 554 578 579
f 554 579 555
f 555 579 580
f 555 580 556
f 556 580 581
f 556 581 557
f 557 581 582
f 557 582 558
f 558 582 583
f 558 583 559
f 559 583 584
f 559 584 560
f 560 584 585
f 560 585 561
f 561 585 586
f 561 586 562
f 562 586 587
f 562 587 563
f 563 587 588
f 563 588 564
f 564 588 589
f 564 589 565
f 565 589 590
f 565 590 566
f 566 590 591
f 566 591 567
f 567 591 592
f 567 592 568
f 568 592 593
f 568 593 569
f 569 593 594
f 569 594 570
f 570 594 595
f 570 595 571
f 571 595 596
f 571 596 572
f 572 596 597
f 572 597 573
f 573 597 598
f 573 598 574
f 574 598 599
f 574 599 575
f 575 599 600
f 576 601 577
f 577 601 602
f 577 602 578
f 578 602 603
f 578 603 579
f 579 603 604
f 579 604 580
f 580 604 605
f 580 605 581
f 581 605 606
f 581 606 582
f 582 606 607
f 582 607 583
f 583 607 608
f 583 608 584
f 584 608 609
f 584 609 585
f 585 609 610
f 585 610 586
f 586 610 611
f 586 611 587
f 587 611 612
f 587 612 588
f 588 612 613
f 588 613 589
f 589 613 614
f 589 614 590
f 590 614 615
f 590 615 591
f 591 615 616
f 591 616 592
f 592 616 617
f 592 617 593
f 593 617 618
f 593 618 594
f 594 618 619
f 594 619 595
f 595 619 620
f 595 620 596
f 596 620 621
f 596 621 597
f 597 621 622
f 597 622 598
f 598 622 623
f 598 623 599
f 599 623 624
f 599 624 600
f 600 624 625
f 601 626 602
f 602 626 627
f 602 627 603
f 603 627 628
f 603 628 604
f 604 628 629
f 604 629 605
f 605 629 630
f 605 630 606
f 606 630 631
f 606 631 607
f 607 631 632
f 607 632 608
f 608 632 633
f 608 633 609
f 609 633 634
f 609 634 610
f 610 634 635
f 610 635 611
f 611 635 636
f 611 636 612
f 612 636 637
f 612 637 613
f 613 637 638
f 613 638 614
f 614 638 639
f 614 639 615
f 615 639 640
f 615 640 616
f 616 640 641
f 616 641 617
f 617 641 642
f 617 642 618
f 618 642 643
f 618 643 619
f 619 643 644
f 619 644 620
f 620 644 645
f 620 645 621
f 621 645 646
f 621 646 622
f 622 646 647
f 622 647 623
f 623 647 648
f 623 648 624
f 624 648 649
f 624 649 625
f 625 649 650
f 626 651 627
f 627 651 652
f 627 652 628
f 628 652 653
f 628 653 629
f 629 653 654
f 629 654 630
f 630 654 655
f 630 655 631
f 631 655 656
f 631 656 632
f 632 656 657
f 632 657 633
f 633 657 658
f 633 658 634
f 634 658 659
f 634 659 635
f 635 659 660
f 635 660 636
f 636 660 661
f 636 661 637
f 637 661 662
f 637 662 638
f 638 662 663
f 638 663 639
f 639 663 664
f 639 664 640
f 640 664 665
f 640 665 641
f 641 665 666
f 641 666 642
f 642 666 667
f 642 667 643
f 643 667 668
f 643 668 644
f 644 668 669
f 644 669 645
f 645 669 670
f 645 670 646
f 646 670 671
f 646 671 647
f 647 671 672
f 647 672 648
f 648 672 673
f 648 673 649
f 649 673 674
f 649 674 650
f 650 674 675
f 651 676 652
f 652 676 677
f 652 677 653
f 653 677 678
f 653 678 654
f 654 678 679
f 654 679 655
f 655 679 680
f 655 680 656
f 656 680 681
f 656 681 657
f 657 681 682
f 657 682 658
f 658 682 683
f 658 683 659
f 659 683 684
f 659 684 660
f 660 684 685
f 660 685 661
f 661 685 686
f 661 686 662
f 662 686 687
f 662 687 663
f 663 687 688
f 663 688 664
f 664 688 689
f 664 689 665
f 665 689 690
f 665 690 666
f 666 690 691
f 666 691 667
f 667 691 692
f 667 692 668
f 668 692 693
f 668 693 669
f 669 693 694
f 669 694 670
f 670 694 695
f 670 695 671
f 671 695 696
f 671 696 672
f 672 696 697
f 672 697 673
f 673 697 698
f 673 698 674
f 674 698 699
f 674 699 675
f 675 699 700
f 676 701 677
f 677 701 702
f 677 702 678
f 678 702 703
f 678 703 679
f 679 703 704
f 679 704 680
f 680 704 705
f 680 705 681
f 681 705 706
f 681 706 682
f 682 706 707
f 682 707 683
f 683 707 708
f 683 708 684
f 684 708 709
f 684 709 685
f 685 709 710
f 685 710 686
f 686 710 711
f 686 711 687
f 687 711 712
f 687 712 688
f 688 712 713
f 688 713 689
f 689 713 714
f 689 714 690
f 690 714 715
f 690 715 691
f 691 715 716
f 691 716 692
f 692 716 717
f 692 717 693
f 693 717 718
f 693 718 694
f 694 718 719
f 694 719 695
f 695 719 720
f 695 720 696
f 696 720 721
f 696 721 697
f 697 721 722
f 697 722 698
f 698 722 723
f 698 723 699
f 699 723 724
f 699 724 700
f 700 724 725
f 701 726 702
f 702 726 727
f 702 727 703
f 703 727 728
f 703 728 704
f 704 728 729
f 704 729 705
f 705 729 730
f 705 730 706
f 706 730 731
f 706 731 707
f 707 731 732
f 707 732 708
f 708 732 733
f 708 733 709
f 709 733 734
f 709 734 710
f 710 734 735
f 710 735 711
f 711 735 736
f 711 736 712
f 712 736 737
f 712 737 713
f 713 737 738
f 713 738 714
f 714 738 739
f 714 739 715
f 715 739 740
f 715 740 716
f 716 740 741
f 716 741 717
f 717 741 742
f 717 742 718
f 718 742 743
f 718 743 719
f 719 743 744
f 719 744 720
f 720 744 745
f 720 745 721
f 721 745 746
f 721 746 722
f 722 746 747
f 722 747 723
f 723 747 748
f 723 748 724
f 724 748 749
f 724 749 725
f 725 749 750
f 726 751 727
f 727 751 752
f 727 752 728
f 728 752 753
f 728 753 729
f 729 753 754
f 729 754 730
f 730 754 755
f 730 755 731
f 731 755 756
f 731 756 732
f 732 756 757
f 732 757 733
f 733 757 758
f 733 758 734
f 734 758 759
f 734 759 735
f 735 759 760
f 735 760 736
f 736 760 761
f 736 761 737
f 737 761 762
f 737 762 738
f 738 762 763
f 738 763 739
f 739 763 764
f 739 764 740
f 740 764 765
f 740 765 741
f 741 765 766
f 741 766 742
f 742 766 767
f 742 767 743
f 743 767 768
f 743 768 744
f 744 768 769
f 744 769 745
f 745 769 770
f 745 770 746
f 746 770 771
f 746 771 747
f 747 771 772
f 747 772 748
f 748 772 773
f 748 773 749
f 749 773 774
f 749 774 750
f 750 774 775
f 751 776 752
f 752 776 777
f 752 777 753
f 753 777 778
f 753 778 754
f 754 778 779
f 754 779 755
f 755 779 780
f 755 780 756
f 756 780 781
f 756 781 757
f 757 781 782
f 757 782 758
f 758 782 783
f 758 783 759
f 759 783 784
f 759 784 760
f 760 784 785
f 760 785 761
f 761 785 786
f 761 786 762
f 762 786 787
f 762 787 763
f 763 787 788
f 763 788 764
f 764 788 789
f 764 789 765
f 765 789 790
f 765 790 766
f 766 790 791
f 766 791 767
f 767 791 792
f 767 792 768
f 768 792 793
f 768 793 769
f 769 793 794
f 769 794 770
f 770 794 795
f 770 795 771
f 771 795 796
f 771 796 772
f 772 796 797
f 772 797 773
f 773 797 798
f 773 798 774
f 774 798 799
f 774 799 775
f 775 799 800
f 776 801 777
f 777 801 802
f 777 802 778
f 778 802 803
f 778 803 779
f 779 803 804
f 779 804 780
f 780 804 805
f 780 805 781
f 781 805 806
f 781 806 782
f 782 806 807
f 782 807 783
f 783 807 808
f 783 808 784
f 784 808 809
f 784 809 785
f 785 809 810
f 785 810 786
f 786 810 811
f 786 811 787
f 787 811 812
f 787 812 788
f 788 812 813
f 788 813 789
f 789 813 814
f 789 814 790
f 790 814 815
f 790 815 791
f 791 815 816
f 791 816 792
f 792 816 817
f 792 817 793
f 793 817 818
f 793 818 794
f 794 818 819
f 794 819 795
f 795 819 820
f 795 820 796
f 796 820 821
f 796 821 797
f 797 821 822
f 797 822 798
f 798 822 823
f 798 823 799
f 799 823 824
f 799 824 800
f 800 824 825
f 801 826 802
f 802 826 827
f 802 827 803
f 803 827 828
f 803 828 804
f 804 828 829
f 804 829 805
f 805 829 830
f 805 830 806
f 806 830 831
f 806 831 807
f 807 831 832
f 807 832 808
f 808 832 833
f 808 833 809
f 809 833 834
f 809 834 810
f 810 834 835
f 810 835 811
f 811 835 836
f 811 836 812
f 812 836 837
f 812 837 813
f 813 837 838
f 813 838 814
f 814 838 839
f 814 839 815
f 815 839 840
f 815 840 816
f 816 840 841
f 816 841 817
f 817 841 842
f 817 842 818
f 818 842 843
f 818 843 819
f 819 843 844
f 819 844 820
f 820 844 845
f 820 845 821
f 821 845 846
f 821 846 822
f 822 846 847
f 822 847 823
f 823 847 848
f 823 848 824
f 824 848 849
f 824 849 825
f 825 849 850
o C3
v 0.30580232845877864 -0.023977821193537405 0.0
v 0.30580232845877864 -0.023977821193537405 0.0
v 0.30580232845877864 -0.023977821193537405 0.0
v 0.30580232845877864 -0.023977821193537405 0.0
v 0.30580232845877864 -0.023977821193537405 0.0
v 0.30580232845877864 -0.023977821193537405 0.0
v 0.30580232845877864 -0.023977821193537405 0.0
v 0.30580232845877864 -0.023977821193537405 0.0
v 0.30580232845877864 -0.023977821193537405 0.0
v 0.30580232845877864 -0.023977821193537405 0.0
v 0.30580232845877864 -0.023977821193537405 0.0
v 0.30580232845877864 -0.023977821193537405 0.0
v 0.30580232845877864 -0.023977821193537405 0.0
v 0.30580232845877864 -0.023977821193537405 0.0
v 0.30580232845877864 -0.023977821193537405 0.0
v 0.30580232845877864 -0.023977821193537405 0.0
v 0.30580232845877864 -0.023977821193537405 0.0
v 0.30580232845877864 -0.023977821193537405 0.0
v 0.30580232845877864 -0.023977821193537405 0.0
v 0.30580232845877864 -0.023977821193537405 0.0
v 0.30580232845877864 -0.023977821193537405 0.0
v 0.30580232845877864 -0.023977821193537405 0.0
v 0.30580232845877864 -0.023977821193537405 0.0
v 0.30580232845877864 -0.023977821193537405 0.0
v 0.30580232845877864 -0.023977821193537405 0.0
v 0.37261884686410746 -0.06032165646366973 0.0
v 0.3702432038778666 -0.0593172507189442 0.05387612794010575
v 0.3632781710627207 -0.056372482076411747 0.10408068679560442
v 0.352198403894761 -0.05168803165260065 0.14719231884745007
v 0.33775897019630297 -0.045583137002473316 0.18027303761665003
v 0.320943893511604 -0.038473836607620424 0.20106844678755584
v 0.3028990935284984 -0.030844617541276875 0.20816137359120887
v 0.2848542935453928 -0.02321539847493334 0.20106844678755584
v 0.26803921686069393 -0.01610609808008048 0.18027303761665003
v 0.2535997831622359 -0.010001203429953117 0.1471923188474501
v 0.24252001599427622 -0.00531675300614203 0.10408068679560442
v 0.23555498317913026 -0.0023719843636095693 0.053876127940105815
v 0.23317934019288944 -0.0013675786188840674 2.549241598745903e-17
v 0.23555498317913026 -0.0023719843636095693 -0.05387612794010568
v 0.24252001599427622 -0.00531675300614203 -0.10408068679560445
v 0.2535997831622359 -0.010001203429953117 -0.14719231884745007
v 0.2680392168606939 -0.016106098080080452 -0.18027303761664998
v 0.2848542935453928 -0.02321539847493334 -0.20106844678755584
v 0.3028990935284984 -0.030844617541276875 -0.20816137359120887
v 0.320943893511604 -0.038473836607620424 -0.2010684467875559
v 0.33775897019630297 -0.045583137002473316 -0.18027303761665003
v 0.3521984038947609 -0.05168803165260062 -0.14719231884745013
v 0.3632781710627207 -0.056372482076411747 -0.1040806867956045
v 0.3702432038778666 -0.0593172507189442 -0.053876127940105746
v 0.37261884686410746 -0.06032165646366973 -5.098483197491806e-17
v 0.4310611740776942 -0.10900241122170735 0.0
v 0.4264011827328978 -0.1070321984817489 0.1056818264975539
v 0.4127387794076567 -0.10125582700417124 0.2041616111667754
v 0.3910050343103969 -0.09206694695926605 0.28872811942799603
v 0.3626810662527849 -0.08009176533675137 0.35361828349597646
v 0.32969710685037645 -0.06614637097427825 0.39440994592555
v 0.2943009584278755 -0.05118111945179539 0.40832322233355084
v 0.25890481000537463 -0.03621586792931253 0.39440994592555
v 0.22592085060296624 -0.02227047356683943 0.35361828349597646
v 0.19759688254535415 -0.010295291944324735 0.2887281194279961
v 0.1758631374480944 -0.0011064118994195426 0.2041616111667754
v 0.16220073412285327 0.004669959578158125 0.105681826497554
v 0.15754074277805685 0.0066401723181165745 5.000517272483161e-17
v 0.16220073412285327 0.004669959578158125 -0.10568182649755374
v 0.1758631374480944 -0.0011064118994195426 -0.20416161116677548
v 0.19759688254535412 -0.010295291944324735 -0.28872811942799603
v 0.22592085060296613 -0.02227047356683939 -0.35361828349597635
v 0.2589048100053747 -0.036215867929312556 -0.39440994592555
v 0.29430095842787546 -0.051181119451795376 -0.40832322233355084
v 0.32969710685037634 -0.06614637097427821 -0.39440994592555007
v 0.3626810662527849 -0.08009176533675137 -0.35361828349597646
v 0.3910050343103969 -0.09206694695926605 -0.28872811942799614
v 0.41273877940765663 -0.10125582700417121 -0.20416161116677561
v 0.4264011827328978 -0.1070321984817489 -0.10568182649755387
v 0.4310611740776942 -0.10900241122170735 -1.0001034544966322e-16
v 0.47888340423955555 -0.1681493113627808 0.0
v 0.47211814539023084 -0.165289005798278 0.1534262317297521
v 0.4522834100527194 -0.15690301420211195 0.2963967193159577
v 0.42073090266182267 -0.1435628280430551 0.419168260299519
v 0.37961087445324637 -0.1261775589621471 0.5133741770519705
v 0.3317255873953453 -0.10593198431673631 0.5725944920292712
v 0.28033834466693713 -0.08420580656151341 0.5927934386319155
v 0.228951101938529 -0.06247962880629053 0.5725944920292712
v 0.18106581488062806 -0.04223405416087974 0.5133741770519705
v 0.1399457866720517 -0.024848785079971746 0.41916826029951904
v 0.10839327928115494 -0.011508598920914855 0.2963967193159577
v 0.08855854394364354 -0.003122607324748853 0.15342623172975228
v 0.08179328509431887 -0.00026230176024603485 7.259625871761284e-17
v 0.08855854394364353 -0.0031226073247488397 -0.15342623172975187
v 0.10839327928115497 -0.011508598920914862 -0.29639671931595785
v 0.13994578667205165 -0.024848785079971725 -0.419168260299519
v 0.1810658148806279 -0.042234054160879685 -0.5133741770519703
v 0.22895110193852902 -0.06247962880629054 -0.5725944920292712
v 0.2803383446669371 -0.0842058065615134 -0.5927934386319155
v 0.33172558739534524 -0.10593198431673628 -0.5725944920292712
v 0.37961087445324637 -0.1261775589621471 -0.5133741770519705
v 0.4207309026618226 -0.14356282804305506 -0.4191682602995191
v 0.4522834100527193 -0.15690301420211192 -0.296396719315958
v 0.47211814539023084 -0.165289005798278 -0.15342623172975206
v 0.47888340423955555 -0.1681493113627808 -1.4519251743522568e-16
v 0.5142477558635866 -0.23548937468443226 0.0
v 0.5056372146133123 -0.2318488962341511 0.195274552918998
v 0.4803923850191035 -0.2211755534735191 0.37724146776302303
v 0.4402336604987519 -0.20419671707314052 0.5335
v 0.38789779176288947 -0.1820694666748473 0.6534013888874127
v 0.32695138177675265 -0.1563017378262729 0.728774552918998
v 0.2615478276621922 -0.12864955866526231 0.7544829355260462
v 0.19614427354763175 -0.10099737950425175 0.728774552918998
v 0.13519786356149507 -0.07522965065567738 0.6534013888874127
v 0.08286199482563254 -0.05310240025738415 0.5335
v 0.042703270305280934 -0.03612356385700555 0.37724146776302303
v 0.017458440711072064 -0.02545022109637357 0.1952745529189982
v 0.008847899460797759 -0.021809742646092384 9.239751120032712e-17
v 0.017458440711072012 -0.025450221096373554 -0.1952745529189977
v 0.042703270305280934 -0.03612356385700555 -0.37724146776302314
v 0.08286199482563246 -0.05310240025738411 -0.5335
v 0.13519786356149488 -0.07522965065567731 -0.6534013888874125
v 0.19614427354763178 -0.10099737950425176 -0.728774552918998
v 0.26154782766219214 -0.12864955866526231 -0.7544829355260462
v 0.3269513817767526 -0.15630173782627282 -0.7287745529189982
v 0.38789779176288947 -0.1820694666748473 -0.6534013888874127
v 0.44023366049875184 -0.2041967170731405 -0.5335000000000001
v 0.4803923850191034 -0.22117555347351905 -0.3772414677630234
v 0.5056372146133123 -0.2318488962341511 -0.19527455291899795
v 0.5142477558635866 -0.23548937468443226 -1.8479502240065423e-16
v 0.5357951967494331 -0.30843476031795336 0.0
v 0.5256702713696102 -0.30415401052713437 0.22961858255079776
v 0.4959854921625456 -0.29160348717864787 0.44358903816340783
v 0.44876382777478413 -0.271638487697973 0.6273296338907279
v 0.3872233565968614 -0.24561959380599596 0.7683187517796322
v 0.3155579600391156 -0.21531995012319985 0.8569482164415257
v 0.23865151644428964 -0.18280442729403848 0.8871780763268158
v 0.1617450728494637 -0.1502889044648771 0.8569482164415257
v 0.090079676291718 -0.11998926078208104 0.7683187517796322
v 0.028539205113795183 -0.09397036689010399 0.627329633890728
v -0.018682459273966348 -0.07400536740942905 0.44358903816340783
v -0.048367238481030764 -0.06145484406094264 0.22961858255079798
v -0.05849216386085378 -0.05717409427012356 1.0864797914473413e-16
v -0.04836723848103081 -0.061454844060942614 -0.2296185825507974
v -0.018682459273966348 -0.07400536740942905 -0.44358903816340806
v 0.02853920511379511 -0.09397036689010395 -0.6273296338907279
v 0.0900796762917178 -0.11998926078208096 -0.7683187517796319
v 0.16174507284946374 -0.15028890446487714 -0.8569482164415257
v 0.23865151644428959 -0.18280442729403845 -0.8871780763268158
v 0.31555796003911546 -0.21531995012319977 -0.8569482164415259
v 0.3872233565968614 -0.24561959380599596 -0.7683187517796322
v 0.44876382777478413 -0.271638487697973 -0.6273296338907282
v 0.4959854921625456 -0.29160348717864787 -0.44358903816340833
v 0.5256702713696102 -0.30415401052713437 -0.2296185825507977
v 0.5357951967494331 -0.30843476031795336 -2.1729595828946827e-16
v 0.5426976708277956 -0.38418221800169144 0.0
v 0.5314474565226469 -0.37942570368412354 0.2551384988267549
v 0.49846349712023846 -0.3654803093216504 0.4928897305947715
v 0.44599359494527435 -0.3432963904942208 0.6970513417615468
v 0.377613487120365 -0.3143857446092648 0.8537100559190803
v 0.2979831649903069 -0.28071858440674086 0.9521898405883019
v 0.21252930341293422 -0.24458927121683813 0.985779461189543
v 0.12707544183556155 -0.2084599580269354 0.9521898405883019
v 0.04744511970550357 -0.17479279782441154 0.8537100559190804
v -0.02093498811940577 -0.14588215193945553 0.697051341761547
v -0.07340489029437007 -0.12369823311202591 0.4928897305947715
v -0.10638884969677846 -0.1097528387495528 0.2551384988267552
v -0.11763906400192722 -0.10499632443198485 1.2072316618109762e-16
v -0.10638884969677856 -0.10975283874955277 -0.25513849882675455
v -0.07340489029437001 -0.12369823311202593 -0.4928897305947716
v -0.020934988119405872 -0.1458821519394555 -0.6970513417615468
v 0.04744511970550337 -0.17479279782441146 -0.85371005591908
v 0.1270754418355616 -0.20845995802693543 -0.9521898405883019
v 0.21252930341293416 -0.24458927121683813 -0.985779461189543
v 0.2979831649903068 -0.2807185844067408 -0.952189840588302
v 0.377613487120365 -0.3143857446092648 -0.8537100559190803
v 0.44599359494527424 -0.3432963904942207 -0.6970513417615471
v 0.49846349712023835 -0.3654803093216503 -0.4928897305947719
v 0.5314474565226469 -0.37942570368412354 -0.2551384988267549
v 0.5426976708277956 -0.38418221800169144 -2.4144633236219525e-16
v 0.534689919890795 -0.459820815416524 0.0
v 0.5227467560868747 -0.4547713267499474 0.27085358567611856
v 0.4877311715513391 -0.4399669750581702 0.5232489470951234
v 0.43202942050429605 -0.41641665244363896 0.7399857574793657
v 0.35943748522810515 -0.3857252744737859 0.9062937613756733
v 0.2749023861479938 -0.34998440783735624 1.010839343155484
v 0.18418505056541506 -0.3116297335310478 1.046497894190247
v 0.09346771498283639 -0.2732750592247394 1.010839343155484
v 0.00893261590272517 -0.23753419258830977 0.9062937613756734
v -0.06365931937346579 -0.20684281461845666 0.7399857574793658
v -0.11936107042050903 -0.1832924920039255 0.5232489470951234
v -0.1543766549560444 -0.1684881403121483 0.2708535856761188
v -0.16631981875996488 -0.16343865164557164 1.2815902964345314e-16
v -0.15437665495604447 -0.16848814031214826 -0.2708535856761181
v -0.11936107042050897 -0.18329249200392553 -0.5232489470951236
v -0.06365931937346583 -0.20684281461845666 -0.7399857574793657
v 0.008932615902724955 -0.23753419258830966 -0.9062937613756731
v 0.09346771498283644 -0.2732750592247394 -1.010839343155484
v 0.184185050565415 -0.3116297335310478 -1.046497894190247
v 0.2749023861479936 -0.3499844078373561 -1.0108393431554843
v 0.35943748522810515 -0.3857252744737859 -0.9062937613756733
v 0.43202942050429594 -0.4164166524436389 -0.7399857574793659
v 0.4877311715513391 -0.4399669750581702 -0.5232489470951239
v 0.5227467560868747 -0.4547713267499474 -0.27085358567611845
v 0.534689919890795 -0.459820815416524 -2.5631805928690627e-16
v 0.5120796773161416 -0.5324438036824133 0.0
v 0.4999025331006309 -0.5272953896844986 0.27615992112438964
v 0.46420095270870293 -0.5122010035965563 0.5335
v 0.40740793984441676 -0.48818930288582685 0.7544829355260462
v 0.3333938444795819 -0.45689664527453505 0.924049105837996
v 0.24720260489923626 -0.42045557366532865 1.030642856650436
v 0.15470801164302225 -0.3813494868666569 1.067
v 0.062213418386808154 -0.342243400067985 1.030642856650436
v -0.02397782119353739 -0.3058023284587787 0.9240491058379962
v -0.09799191655837221 -0.2745096708474869 0.7544829355260463
v -0.15478492942265845 -0.2504979701367575 0.5335
v -0.19048650981458626 -0.2354035840488151 0.2761599211243899
v -0.20266365403009717 -0.23025517005090043 1.306698134690226e-16
v -0.19048650981458634 -0.23540358404881503 -0.27615992112438925
v -0.1547849294226584 -0.2504979701367575 -0.5335000000000001
v -0.09799191655837225 -0.2745096708474869 -0.7544829355260462
v -0.023977821193537606 -0.3058023284587786 -0.9240491058379958
v 0.06221341838680826 -0.34224340006798504 -1.030642856650436
v 0.1547080116430222 -0.3813494868666568 -1.067
v 0.24720260489923615 -0.4204555736653286 -1.030642856650436
v 0.3333938444795819 -0.45689664527453505 -0.924049105837996
v 0.40740793984441664 -0.48818930288582685 -0.7544829355260464
v 0.4642009527087028 -0.5122010035965562 -0.5335000000000004
v 0.4999025331006309 -0.5272953896844986 -0.2761599211243896
v 0.5120796773161416 -0.5324438036824133 -2.613396269380452e-16
v 0.4757358420460093 -0.5992603220877419 0.0
v 0.4637926782420891 -0.5942108334211653 0.27085358567611856
v 0.42877709370655354 -0.5794064817293881 0.5232489470951234
v 0.37307534265951037 -0.555856159114857 0.7399857574793657
v 0.3004834073833195 -0.525164781145004 0.9062937613756733
v 0.2159483083032081 -0.48942391450857425 1.010839343155484
v 0.1252309727206294 -0.4510692402022658 1.046497894190247
v 0.03451363713805076 -0.4127145658959574 1.010839343155484
v -0.05002146194206047 -0.37697369925952773 0.9062937613756734
v -0.12261339721825142 -0.3462823212896747 0.7399857574793658
v -0.17831514826529465 -0.3227319986751435 0.5232489470951234
v -0.21333073280083006 -0.3079276469833663 0.2708535856761188
v -0.2252738966047505 -0.3028781583167896 1.2815902964345314e-16
v -0.21333073280083012 -0.3079276469833662 -0.2708535856761181
v -0.1783151482652946 -0.3227319986751435 -0.5232489470951236
v -0.12261339721825147 -0.3462823212896746 -0.7399857574793657
v -0.05002146194206068 -0.3769736992595277 -0.9062937613756731
v 0.034513637138050814 -0.4127145658959574 -1.010839343155484
v 0.12523097272062939 -0.4510692402022658 -1.046497894190247
v 0.21594830830320794 -0.48942391450857414 -1.0108393431554843
v 0.3004834073833195 -0.525164781145004 -0.9062937613756733
v 0.37307534265951026 -0.555856159114857 -0.7399857574793659
v 0.42877709370655354 -0.5794064817293881 -0.5232489470951239
v 0.4637926782420891 -0.5942108334211653 -0.27085358567611845
v 0.4757358420460093 -0.5992603220877419 -2.5631805928690627e-16
v 0.4270550872879717 -0.6577026493013287 0.0
v 0.41580487298282304 -0.6529461349837609 0.2551384988267549
v 0.3828209135804146 -0.6390007406212878 0.4928897305947715
v 0.3303510114054504 -0.6168168217938581 0.6970513417615468
v 0.2619709035805411 -0.5879061759089022 0.8537100559190803
v 0.18234058145048296 -0.5542390157063782 0.9521898405883019
v 0.09688671987311027 -0.5181097025164755 0.985779461189543
v 0.011432858295737614 -0.4819803893265728 0.9521898405883019
v -0.06819746383432036 -0.4483132291240489 0.8537100559190804
v -0.1365775716592297 -0.4194025832390929 0.697051341761547
v -0.18904747383419399 -0.39721866441166326 0.4928897305947715
v -0.22203143323660238 -0.38327327004919015 0.2551384988267552
v -0.23328164754175115 -0.37851675573162225 1.2072316618109762e-16
v -0.2220314332366025 -0.3832732700491901 -0.25513849882675455
v -0.18904747383419393 -0.39721866441166326 -0.4928897305947716
v -0.13657757165922982 -0.41940258323909285 -0.6970513417615468
v -0.06819746383432056 -0.4483132291240488 -0.85371005591908
v 0.011432858295737668 -0.4819803893265728 -0.9521898405883019
v 0.09688671987311022 -0.5181097025164755 -0.985779461189543
v 0.18234058145048285 -0.5542390157063781 -0.952189840588302
v 0.2619709035805411 -0.5879061759089022 -0.8537100559190803
v 0.3303510114054503 -0.6168168217938581 -0.6970513417615471
v 0.3828209135804145 -0.6390007406212878 -0.4928897305947719
v 0.41580487298282304 -0.6529461349837609 -0.2551384988267549
v 0.4270550872879717 -0.6577026493013287 -2.4144633236219525e-16
v 0.3679081871468985 -0.7055248794631901 0.0
v 0.3577832617670754 -0.7012441296723709 0.22961858255079778
v 0.32809848256001095 -0.6886936063238845 0.44358903816340794
v 0.28087681817224947 -0.6687286068432097 0.627329633890728
v 0.2193363469943267 -0.6427097129512326 0.7683187517796323
v 0.14767095043658085 -0.6124100692684366 0.856948216441526
v 0.07076450684175489 -0.5798945464392751 0.8871780763268161
v -0.006141936753071068 -0.5473790236101138 0.856948216441526
v -0.07780733331081678 -0.5170793799273177 0.7683187517796325
v -0.1393478044887396 -0.4910604860353406 0.6273296338907282
v -0.18656946887650117 -0.47109548655466565 0.44358903816340794
v -0.21625424808356555 -0.45854496320617927 0.22961858255079803
v -0.22637917346338865 -0.45426421341536016 1.0864797914473416e-16
v -0.2162542480835656 -0.45854496320617927 -0.22961858255079745
v -0.1865694688765011 -0.4710954865546657 -0.44358903816340817
v -0.13934780448873968 -0.4910604860353406 -0.627329633890728
v -0.07780733331081699 -0.5170793799273176 -0.7683187517796322
v -0.006141936753071014 -0.5473790236101138 -0.856948216441526
v 0.07076450684175484 -0.5798945464392751 -0.8871780763268161
v 0.14767095043658068 -0.6124100692684364 -0.856948216441526
v 0.2193363469943267 -0.6427097129512326 -0.7683187517796323
v 0.28087681817224935 -0.6687286068432096 -0.6273296338907283
v 0.32809848256001084 -0.6886936063238845 -0.44358903816340844
v 0.3577832617670754 -0.7012441296723709 -0.22961858255079776
v 0.3679081871468985 -0.7055248794631901 -2.1729595828946832e-16
v 0.30056812382524684 -0.7408892310872213 0.0
v 0.29195758257497256 -0.73724875263694 0.19527455291899803
v 0.26671275298076363 -0.7265754098763081 0.3772414677630231
v 0.22655402846041203 -0.7095965734759295 0.5335
v 0.17421815972454957 -0.6874693230776363 0.6534013888874128
v 0.1132717497384128 -0.6617015942290618 0.7287745529189982
v 0.04786819562385232 -0.6340494150680512 0.7544829355260463
v -0.017535358490708166 -0.6063972359070406 0.7287745529189982
v -0.07848176847684485 -0.5806295070584663 0.6534013888874128
v -0.1308176372127074 -0.5585022566601731 0.5335000000000001
v -0.170976361733059 -0.5415234202597945 0.3772414677630231
v -0.1962211913272678 -0.5308500774991626 0.19527455291899826
v -0.20483173257754217 -0.5272095990488813 9.239751120032715e-17
v -0.19622119132726792 -0.5308500774991625 -0.19527455291899773
v -0.170976361733059 -0.5415234202597945 -0.3772414677630232
v -0.13081763721270745 -0.5585022566601731 -0.5335
v -0.07848176847684503 -0.5806295070584662 -0.6534013888874126
v -0.01753535849070811 -0.6063972359070408 -0.7287745529189982
v 0.047868195623852264 -0.6340494150680512 -0.7544829355260463
v 0.11327174973841268 -0.6617015942290617 -0.7287745529189983
v 0.17421815972454957 -0.6874693230776363 -0.6534013888874128
v 0.22655402846041198 -0.7095965734759294 -0.5335000000000001
v 0.26671275298076363 -0.7265754098763081 -0.3772414677630235
v 0.29195758257497256 -0.73724875263694 -0.19527455291899798
v 0.30056812382524684 -0.7408892310872213 -1.847950224006543e-16
v 0.22762273819172568 -0.7624366719730676 0.0
v 0.220857479342401 -0.759576366408565 0.1534262317297521
v 0.20102274400488954 -0.7511903748123989 0.2963967193159577
v 0.1694702366139928 -0.7378501886533421 0.419168260299519
v 0.12835020840541653 -0.7204649195724341 0.5133741770519705
v 0.08046492134751547 -0.7002193449270232 0.5725944920292712
v 0.029077678619107296 -0.6784931671718003 0.5927934386319155
v -0.022309564109300874 -0.6567669894165774 0.5725944920292712
v -0.07019485116720178 -0.6365214147711666 0.5133741770519705
v -0.11131487937577814 -0.6191361456902587 0.41916826029951904
v -0.14286738676667493 -0.6057959595312017 0.2963967193159577
v -0.16270212210418633 -0.5974099679350358 0.15342623172975228
v -0.169467380953511 -0.594549662370533 7.259625871761284e-17
v -0.16270212210418636 -0.5974099679350358 -0.15342623172975187
v -0.1428673867666749 -0.6057959595312017 -0.29639671931595785
v -0.11131487937577819 -0.6191361456902585 -0.419168260299519
v -0.07019485116720195 -0.6365214147711666 -0.5133741770519703
v -0.02230956410930082 -0.6567669894165774 -0.5725944920292712
v 0.029077678619107244 -0.6784931671718003 -0.5927934386319155
v 0.08046492134751541 -0.7002193449270232 -0.5725944920292712
v 0.12835020840541653 -0.7204649195724341 -0.5133741770519705
v 0.16947023661399274 -0.7378501886533421 -0.4191682602995191
v 0.20102274400488943 -0.7511903748123989 -0.296396719315958
v 0.220857479342401 -0.759576366408565 -0.15342623172975206
v 0.22762273819172568 -0.7624366719730676 -1.4519251743522568e-16
v 0.15187528050798768 -0.7693391460514303 0.0
v 0.1472152891631913 -0.7673689333114718 0.10568182649755392
v 0.13355288583795008 -0.7615925618338942 0.20416161116677545
v 0.11181914074069041 -0.752403681788989 0.28872811942799614
v 0.08349517268307832 -0.7404285001664743 0.3536182834959765
v 0.050511213280669896 -0.7264831058040011 0.3944099459255501
v 0.015115064858168957 -0.7115178542815183 0.40832322233355095
v -0.020281083564331934 -0.6965526027590354 0.3944099459255501
v -0.05326504296674035 -0.6826072083965623 0.35361828349597657
v -0.08158901102435244 -0.6706320267740477 0.2887281194279962
v -0.10332275612161218 -0.6614431467291425 0.20416161116677545
v -0.11698515944685332 -0.6556667752515648 0.10568182649755403
v -0.12164515079164975 -0.6536965625116063 5.0005172724831624e-17
v -0.11698515944685335 -0.6556667752515647 -0.10568182649755377
v -0.10332275612161218 -0.6614431467291425 -0.20416161116677553
v -0.08158901102435247 -0.6706320267740475 -0.28872811942799614
v -0.053265042966740436 -0.6826072083965623 -0.35361828349597646
v -0.020281083564331934 -0.6965526027590354 -0.3944099459255501
v 0.015115064858168903 -0.7115178542815183 -0.40832322233355095
v 0.05051121328066979 -0.7264831058040011 -0.3944099459255502
v 0.08349517268307832 -0.7404285001664743 -0.3536182834959765
v 0.11181914074069035 -0.752403681788989 -0.2887281194279962
v 0.13355288583795008 -0.7615925618338942 -0.20416161116677564
v 0.1472152891631913 -0.7673689333114718 -0.1056818264975539
v 0.15187528050798768 -0.7693391460514303 -1.0001034544966325e-16
v 0.07623668309315519 -0.7613313951144297 0.0
v 0.07386104010691436 -0.7603269893697041 0.05387612794010586
v 0.06689600729176844 -0.7573822207271717 0.1040806867956046
v 0.055816240123808765 -0.7526977703033605 0.14719231884745035
v 0.04137680642535066 -0.7465928756532332 0.18027303761665037
v 0.02456172974065172 -0.7394835752583804 0.20106844678755623
v 0.00651692975754608 -0.7318543561920368 0.20816137359120923
v -0.011527870225559565 -0.7242251371256933 0.20106844678755623
v -0.02834294691025845 -0.7171158367308403 0.1802730376166504
v -0.0427823806087165 -0.7110109420807129 0.14719231884745038
v -0.05386214777667626 -0.7063264916569019 0.1040806867956046
v -0.060827180591822176 -0.7033817230143694 0.053876127940105906
v -0.06320282357806303 -0.7023773172696439 2.5492415987459074e-17
v -0.060827180591822204 -0.7033817230143694 -0.053876127940105774
v -0.05386214777667626 -0.7063264916569019 -0.10408068679560464
v -0.04278238060871653 -0.7110109420807129 -0.14719231884745035
v -0.028342946910258505 -0.7171158367308402 -0.1802730376166503
v -0.011527870225559565 -0.7242251371256933 -0.20106844678755623
v 0.00651692975754608 -0.7318543561920368 -0.20816137359120923
v 0.02456172974065167 -0.7394835752583803 -0.20106844678755625
v 0.04137680642535066 -0.7465928756532332 -0.18027303761665037
v 0.055816240123808716 -0.7526977703033605 -0.1471923188474504
v 0.06689600729176844 -0.7573822207271717 -0.10408068679560471
v 0.07386104010691436 -0.7603269893697041 -0.05387612794010584
v 0.07623668309315519 -0.7613313951144297 -5.098483197491815e-17
v 0.0036136948272659087 -0.7387211525397762 0.0
v 0.0036136948272659087 -0.7387211525397762 3.381983634577694e-17
v 0.0036136948272659087 -0.7387211525397762 6.533490673451128e-17
v 0.0036136948272659087 -0.7387211525397762 9.239751120032712e-17
v 0.003613694827265855 -0.7387211525397762 1.1316337797194756e-16
v 0.003613694827265855 -0.7387211525397762 1.2621734754610408e-16
v 0.003613694827265855 -0.7387211525397762 1.306698134690226e-16
v 0.003613694827265855 -0.7387211525397762 1.2621734754610408e-16
v 0.003613694827265855 -0.7387211525397762 1.1316337797194758e-16
v 0.003613694827265801 -0.7387211525397762 9.239751120032715e-17
v 0.003613694827265801 -0.7387211525397762 6.533490673451128e-17
v 0.003613694827265801 -0.7387211525397762 3.3819836345776963e-17
v 0.003613694827265801 -0.7387211525397762 1.600243688100202e-32
v 0.003613694827265801 -0.7387211525397762 -3.3819836345776883e-17
v 0.003613694827265801 -0.7387211525397762 -6.533490673451132e-17
v 0.003613694827265801 -0.7387211525397762 -9.239751120032712e-17
v 0.003613694827265855 -0.7387211525397762 -1.1316337797194753e-16
v 0.003613694827265855 -0.7387211525397762 -1.2621734754610408e-16
v 0.003613694827265855 -0.7387211525397762 -1.306698134690226e-16
v 0.003613694827265855 -0.7387211525397762 -1.2621734754610408e-16
v 0.003613694827265855 -0.7387211525397762 -1.1316337797194756e-16
v 0.0036136948272659087 -0.7387211525397762 -9.239751120032717e-17
v 0.0036136948272659087 -0.7387211525397762 -6.533490673451135e-17
v 0.0036136948272659087 -0.7387211525397762 -3.381983634577692e-17
v 0.0036136948272659087 -0.7387211525397762 -3.200487376200404e-32
f 851 876 852
f 852 876 877
f 852 877 853
f 853 877 878
f 853 878 854
f 854 878 879
f 854 879 855
f 855 879 880
f 855 880 856
f 856 880 881
f 856 881 857
f 857 881 882
f 857 882 858
f 858 882 883
f 858 883 859
f 859 883 884
f 859 884 860
f 860 884 885
f 860 885 861
f 861 885 886
f 861 886 862
f 862 886 887
f 862 887 863
f 863 887 888
f 863 888 864
f 864 888 889
f 864 889 865
f 865 889 890
f 865 890 866
f 866 890 891
f 866 891 867
f 867 891 892
f 867 892 868
f 868 892 893
f 868 893 869
f 869 893 894
f 869 894 870
f 870 894 895
f 870 895 871
f 871 895 896
f 871 896 872
f 872 896 897
f 872 897 873
f 873 897 898
f 873 898 874
f 874 898 899
f 874 899 875
f 875 899 900
f 876 901 877
f 877 901 902
f 877 902 878
f 878 902 903
f 878 903 879
f 879 903 904
f 879 904 880
f 880 904 905
f 880 905 881
f 881 905 906
f 881 906 882
f 882 906 907
f 882 907 883
f 883 907 908
f 883 908 884
f 884 908 909
f 884 909 885
f 885 909 910
f 885 910 886
f 886 910 911
f 886 911 887
f 887 911 912
f 887 912 888
f 888 912 913
f 888 913 889
f 889 913 914
f 889 914 890
f 890 914 915
f 890 915 891
f 891 915 916
f 891 916 892
f 892 916 917
f 892 917 893
f 893 917 918
f 893 918 894
f 894 918 919
f 894 919 895
f 895 919 920
f 895 920 896
f 896 920 921
f 896 921 897
f 897 921 922
f 897 922 898
f 898 922 923
f 898 923 899
f 899 923 924
f 899 924 900
f 900 924 925
f 901 926 902
f 902 926 927
f 902 927 903
f 903 927 928
f 903 928 904
f 904 928 929
f 904 929 905
f 905 929 930
f 905 930 906
f 906 930 931
f 906 931 907
f 907 931 932
f 907 932 908
f 908 932 933
f 908 933 909
f 909 933 934
f 909 934 910
f 910 934 935
f 910 935 911
f 911 935 936
f 911 936 912
f 912 936 937
f 912 937 913
f 913 937 938
f 913 938 914
f 914 938 939
f 914 939 915
f 915 939 940
f 915 940 916
f 916 940 941
f 916 941 917
f 917 941 942
f 917 942 918
f 918 942 943
f 918 943 919
f 919 943 944
f 919 944 920
f 920 944 945
f 920 945 921
f 921 945 946
f 921 946 922
f 922 946 947
f 922 947 923
f 923 947 948
f 923 948 924
f 924 948 949
f 924 949 925
f 925 949 950
f 926 951 927
f 927 951 952
f 927 952 928
f 928 952 953
f 928 953 929
f 929 953 954
f 929 954 930
f 930 954 955
f 930 955 931
f 931 955 956
f 931 956 932
f 932 956 957
f 932 957 933
f 933 957 958
f 933 958 934
f 934 958 959
f 934 959 935
f 935 959 960
f 935 960 936
f 936 960 961
f 936 961 937
f 937 961 962
f 937 962 938
f 938 962 963
f 938 963 939
f 939 963 964
f 939 964 940
f 940 964 965
f 940 965 941
f 941 965 966
f 941 966 942
f 942 966 967
f 942 967 943
f 943 967 968
f 943 968 944
f 944 968 969
f 944 969 945
f 945 969 970
f 945 970 946
f 946 970 971
f 946 971 947
f 947 971 972
f 947 972 948
f 948 972 973
f 948 973 949
f 949 973 974
f 949 974 950
f 950 974 975
f 951 976 952
f 952 976 977
f 952 977 953
f 953 977 978
f 953 978 954
f 954 978 979
f 954 979 955
f 955 979 980
f 955 980 956
f 956 980 981
f 956 981 957
f 957 981 982
f 957 982 958
f 958 982 983
f 958 983 959
f 959 983 984
f 959 984 960
f 960 984 985
f 960 985 961
f 961 985 986
f 961 986 962
f 962 986 987
f 962 987 963
f 963 987 988
f 963 988 964
f 964 988 989
f 964 989 965
f 965 989 990
f 965 990 966
f 966 990 991
f 966 991 967
f 967 991 992
f 967 992 968
f 968 992 993
f 968 993 969
f 969 993 994
f 969 994 970
f 970 994 995
f 970 995 971
f 971 995 996
f 971 996 972
f 972 996 997
f 972 997 973
f 973 997 998
f 973 998 974
f 974 998 999
f 974 999 975
f 975 999 1000
f 976 1001 977
f 977 1001 1002
f 977 1002 978
f 978 1002 1003
f 978 1003 979
f 979 1003 1004
f 979 1004 980
f 980 1004 1005
f 980 1005 981
f 981 1005 1006
f 981 1006 982
f 982 1006 1007
f 982 1007 983
f 983 1007 1008
f 983 1008 984
f 984 1008 1009
f 984 1009 985
f 985 1009 1010
f 985 1010 986
f 986 1010 1011
f 986 1011 987
f 987 1011 1012
f 987 1012 988
f 988 1012 1013
f 988 1013 989
f 989 1013 1014
f 989 1014 990
f 990 1014 1015
f 990 1015 991
f 991 1015 1016
f 991 1016 992
f 992 1016 1017
f 992 1017 993
f 993 1017 1018
f 993 1018 994
f 994 1018 1019
f 994 1019 995
f 995 1019 1020
f 995 1020 996
f 996 1020 1021
f 996 1021 997
f 997 1021 1022
f 997 1022 998
f 998 1022 1023
f 998 1023 999
f 999 1023 1024
f 999 1024 1000
f 1000 1024 1025
f 1001 1026 1002
f 1002 1026 1027
f 1002 1027 1003
f 1003 1027 1028
f 1003 1028 1004
f 1004 1028 1029
f 1004 1029 1005
f 1005 1029 1030
f 1005 1030 1006
f 1006 1030 1031
f 1006 1031 1007
f 1007 1031 1032
f 1007 1032 1008
f 1008 1032 1033
f 1008 1033 1009
f 1009 1033 1034
f 1009 1034 1010
f 1010 1034 1035
f 1010 1035 1011
f 1011 1035 1036
f 1011 1036 1012
f 1012 1036 1037
f 1012 1037 1013
f 1013 1037 1038
f 1013 1038 1014
f 1014 1038 1039
f 1014 1039 1015
f 1015 1039 1040
f 1015 1040 1016
f 1016 1040 1041
f 1016 1041 1017
f 1017 1041 1042
f 1017 1042 1018
f 1018 1042 1043
f 1018 1043 1019
f 1019 1043 1044
f 1019 1044 1020
f 1020 1044 1045
f 1020 1045 1021
f 1021 1045 1046
f 1021 1046 1022
f 1022 1046 1047
f 1022 1047 1023
f 1023 1047 1048
f 1023 1048 1024
f 1024 1048 1049
f 1024 1049 1025
f 1025 1049 1050
f 1026 1051 1027
f 1027 1051 1052
f 1027 1052 1028
f 1028 1052 1053
f 1028 1053 1029
f 1029 1053 1054
f 1029 1054 1030
f 1030 1054 1055
f 1030 1055 1031
f 1031 1055 1056
f 1031 1056 1032
f 1032 1056 1057
f 1032 1057 1033
f 1033 1057 1058
f 1033 1058 1034
f 1034 1058 1059
f 1034 1059 1035
f 1035 1059 1060
f 1035 1060 1036
f 1036 1060 1061
f 1036 1061 1037
f 1037 1061 1062
f 1037 1062 1038
f 1038 1062 1063
f 1038 1063 1039
f 1039 1063 1064
f 1039 1064 1040
f 1040 1064 1065
f 1040 1065 1041
f 1041 1065 1066
f 1041 1066 1042
f 1042 1066 1067
f 1042 1067 1043
f 1043 1067 1068
f 1043 1068 1044
f 1044 1068 1069
f 1044 1069 1045
f 1045 1069 1070
f 1045 1070 1046
f 1046 1070 1071
f 1046 1071 1047
f 1047 1071 1072
f 1047 1072 1048
f 1048 1072 1073
f 1048 1073 1049
f 1049 1073 1074
f 1049 1074 1050
f 1050 1074 1075
f 1051 1076 1052
f 1052 1076 1077
f 1052 1077 1053
f 1053 1077 1078
f 1053 1078 1054
f 1054 1078 1079
f 1054 1079 1055
f 1055 1079 1080
f 1055 1080 1056
f 1056 1080 1081
f 1056 1081 1057
f 1057 1081 1082
f 1057 1082 1058
f 1058 1082 1083
f 1058 1083 1059
f 1059 1083 1084
f 1059 1084 1060
f 1060 1084 1085
f 1060 1085 1061
f 1061 1085 1086
f 1061 1086 1062
f 1062 1086 1087
f 1062 1087 1063
f 1063 1087 1088
f 1063 1088 1064
f 1064 1088 1089
f 1064 1089 1065
f 1065 1089 1090
f 1065 1090 1066
f 1066 1090 1091
f 1066 1091 1067
f 1067 1091 1092
f 1067 1092 1068
f 1068 1092 1093
f 1068 1093 1069
f 1069 1093 1094
f 1069 1094 1070
f 1070 1094 1095
f 1070 1095 1071
f 1071 1095 1096
f 1071 1096 1072
f 1072 1096 1097
f 1072 1097 1073
f 1073 1097 1098
f 1073 1098 1074
f 1074 1098 1099
f 1074 1099 1075
f 1075 1099 1100
f 1076 1101 1077
f 1077 1101 1102
f 1077 1102 1078
f 1078 1102 1103
f 1078 1103 1079
f 1079 1103 1104
f 1079 1104 1080
f 1080 1104 1105
f 1080 1105 1081
f 1081 1105 1106
f 1081 1106 1082
f 1082 1106 1107
f 1082 1107 1083
f 1083 1107 1108
f 1083 1108 1084
f 1084 1108 1109
f 1084 1109 1085
f 1085 1109 1110
f 1085 1110 1086
f 1086 1110 1111
f 1086 1111 1087
f 1087 1111 1112
f 1087 1112 1088
f 1088 1112 1113
f 1088 1113 1089
f 1089 1113 1114
f 1089 1114 1090
f 1090 1114 1115
f 1090 1115 1091
f 1091 1115 1116
f 1091 1116 1092
f 1092 1116 1117
f 1092 1117 1093
f 1093 1117 1118
f 1093 1118 1094
f 1094 1118 1119
f 1094 1119 1095
f 1095 1119 1120
f 1095 1120 1096
f 1096 1120 1121
f 1096 1121 1097
f 1097 1121 1122
f 1097 1122 1098
f 1098 1122 1123
f 1098 1123 1099
f 1099 1123 1124
f 1099 1124 1100
f 1100 1124 1125
f 1101 1126 1102
f 1102 1126 1127
f 1102 1127 1103
f 1103 1127 1128
f 1103 1128 1104
f 1104 1128 1129
f 1104 1129 1105
f 1105 1129 1130
f 1105 1130 1106
f 1106 1130 1131
f 1106 1131 1107
f 1107 1131 1132
f 1107 1132 1108
f 1108 1132 1133
f 1108 1133 1109
f 1109 1133 1134
f 1109 1134 1110
f 1110 1134 1135
f 1110 1135 1111
f 1111 1135 1136
f 1111 1136 1112
f 1112 1136 1137
f 1112 1137 1113
f 1113 1137 1138
f 1113 1138 1114
f 1114 1138 1139
f 1114 1139 1115
f 1115 1139 1140
f 1115 1140 1116
f 1116 1140 1141
f 1116 1141 1117
f 1117 1141 1142
f 1117 1142 1118
f 1118 1142 1143
f 1118 1143 1119
f 1119 1143 1144
f 1119 1144 1120
f 1120 1144 1145
f 1120 1145 1121
f 1121 1145 1146
f 1121 1146 1122
f 1122 1146 1147
f 1122 1147 1123
f 1123 1147 1148
f 1123 1148 1124
f 1124 1148 1149
f 1124 1149 1125
f 1125 1149 1150
f 1126 1151 1127
f 1127 1151 1152
f 1127 1152 1128
f 1128 1152 1153
f 1128 1153 1129
f 1129 1153 1154
f 1129 1154 1130
f 1130 1154 1155
f 1130 1155 1131
f 1131 1155 1156
f 1131 1156 1132
f 1132 1156 1157
f 1132 1157 1133
f 1133 1157 1158
f 1133 1158 1134
f 1134 1158 1159
f 1134 1159 1135
f 1135 1159 1160
f 1135 1160 1136
f 1136 1160 1161
f 1136 1161 1137
f 1137 1161 1162
f 1137 1162 1138
f 1138 1162 1163
f 1138 1163 1139
f 1139 1163 1164
f 1139 1164 1140
f 1140 1164 1165
f 1140 1165 1141
f 1141 1165 1166
f 1141 1166 1142
f 1142 1166 1167
f 1142 1167 1143
f 1143 1167 1168
f 1143 1168 1144
f 1144 1168 1169
f 1144 1169 1145
f 1145 1169 1170
f 1145 1170 1146
f 1146 1170 1171
f 1146 1171 1147
f 1147 1171 1172
f 1147 1172 1148
f 1148 1172 1173
f 1148 1173 1149
f 1149 1173 1174
f 1149 1174 1150
f 1150 1174 1175
f 1151 1176 1152
f 1152 1176 1177
f 1152 1177 1153
f 1153 1177 1178
f 1153 1178 1154
f 1154 1178 1179
f 1154 1179 1155
f 1155 1179 1180
f 1155 1180 1156
f 1156 1180 1181
f 1156 1181 1157
f 1157 1181 1182
f 1157 1182 1158
f 1158 1182 1183
f 1158 1183 1159
f 1159 1183 1184
f 1159 1184 1160
f 1160 1184 1185
f 1160 1185 1161
f 1161 1185 1186
f 1161 1186 1162
f 1162 1186 1187
f 1162 1187 1163
f 1163 1187 1188
f 1163 1188 1164
f 1164 1188 1189
f 1164 1189 1165
f 1165 1189 1190
f 1165 1190 1166
f 1166 1190 1191
f 1166 1191 1167
f 1167 1191 1192
f 1167 1192 1168
f 1168 1192 1193
f 1168 1193 1169
f 1169 1193 1194
f 1169 1194 1170
f 1170 1194 1195
f 1170 1195 1171
f 1171 1195 1196
f 1171 1196 1172
f 1172 1196 1197
f 1172 1197 1173
f 1173 1197 1198
f 1173 1198 1174
f 1174 1198 1199
f 1174 1199 1175
f 1175 1199 1200
f 1176 1201 1177
f 1177 1201 1202
f 1177 1202 1178
f 1178 1202 1203
f 1178 1203 1179
f 1179 1203 1204
f 1179 1204 1180
f 1180 1204 1205
f 1180 1205 1181
f 1181 1205 1206
f 1181 1206 1182
f 1182 1206 1207
f 1182 1207 1183
f 1183 1207 1208
f 1183 1208 1184
f 1184 1208 1209
f 1184 1209 1185
f 1185 1209 1210
f 1185 1210 1186
f 1186 1210 1211
f 1186 1211 1187
f 1187 1211 1212
f 1187 1212 1188
f 1188 1212 1213
f 1188 1213 1189
f 1189 1213 1214
f 1189 1214 1190
f 1190 1214 1215
f 1190 1215 1191
f 1191 1215 1216
f 1191 1216 1192
f 1192 1216 1217
f 1192 1217 1193
f 1193 1217 1218
f 1193 1218 1194
f 1194 1218 1219
f 1194 1219 1195
f 1195 1219 1220
f 1195 1220 1196
f 1196 1220 1221
f 1196 1221 1197
f 1197 1221 1222
f 1197 1222 1198
f 1198 1222 1223
f 1198 1223 1199
f 1199 1223 1224
f 1199 1224 1200
f 1200 1224 1225
f 1201 1226 1202
f 1202 1226 1227
f 1202 1227 1203
f 1203 1227 1228
f 1203 1228 1204
f 1204 1228 1229
f 1204 1229 1205
f 1205 1229 1230
f 1205 1230 1206
f 1206 1230 1231
f 1206 1231 1207
f 1207 1231 1232
f 1207 1232 1208
f 1208 1232 1233
f 1208 1233 1209
f 1209 1233 1234
f 1209 1234 1210
f 1210 1234 1235
f 1210 1235 1211
f 1211 1235 1236
f 1211 1236 1212
f 1212 1236 1237
f 1212 1237 1213
f 1213 1237 1238
f 1213 1238 1214
f 1214 1238 1239
f 1214 1239 1215
f 1215 1239 1240
f 1215 1240 1216
f 1216 1240 1241
f 1216 1241 1217
f 1217 1241 1242
f 1217 1242 1218
f 1218 1242 1243
f 1218 1243 1219
f 1219 1243 1244
f 1219 1244 1220
f 1220 1244 1245
f 1220 1245 1221
f 1221 1245 1246
f 1221 1246 1222
f 1222 1246 1247
f 1222 1247 1223
f 1223 1247 1248
f 1223 1248 1224
f 1224 1248 1249
f 1224 1249 1225
f 1225 1249 1250
f 1226 1251 1227
f 1227 1251 1252
f 1227 1252 1228
f 1228 1252 1253
f 1228 1253 1229
f 1229 1253 1254
f 1229 1254 1230
f 1230 1254 1255
f 1230 1255 1231
f 1231 1255 1256
f 1231 1256 1232
f 1232 1256 1257
f 1232 1257 1233
f 1233 1257 1258
f 1233 1258 1234
f 1234 1258 1259
f 1234 1259 1235
f 1235 1259 1260
f 1235 1260 1236
f 1236 1260 1261
f 1236 1261 1237
f 1237 1261 1262
f 1237 1262 1238
f 1238 1262 1263
f 1238 1263 1239
f 1239 1263 1264
f 1239 1264 1240
f 1240 1264 1265
f 1240 1265 1241
f 1241 1265 1266
f 1241 1266 1242
f 1242 1266 1267
f 1242 1267 1243
f 1243 1267 1268
f 1243 1268 1244
f 1244 1268 1269
f 1244 1269 1245
f 1245 1269 1270
f 1245 1270 1246
f 1246 1270 1271
f 1246 1271 1247
f 1247 1271 1272
f 1247 1272 1248
f 1248 1272 1273
f 1248 1273 1249
f 1249 1273 1274
f 1249 1274 1250
f 1250 1274 1275
